ID,Direction,Coordinates
237,straight,3367:1987,3352:1976,3338:1966,3324:1955,3310:1944,3295:1934,3281:1924,3266:1914,3251:1903,3237:1892,3223:1881,3208:1870,3193:1859,3179:1848,3164:1836,3149:1825,3135:1814,3120:1803,3105:1791,3090:1780,3075:1769,3060:1757,3046:1746,3031:1735,3016:1723,3001:1711,2985:1698,2970:1686,2956:1675,2942:1664,2928:1654,2913:1642,2898:1631,2882:1620,2867:1609,2852:1599,2836:1589,2821:1577,2805:1566,2789:1554,2774:1542,2759:1530,2744:1518,2729:1506,2713:1494,2698:1482,2682:1470,2666:1458,2651:1446,2635:1434,2620:1422,2604:1410,2588:1397,2573:1385,2558:1373,2542:1361,2526:1349,2510:1337,2495:1325,2479:1313,2464:1302,2448:1291,2432:1280,2417:1267,2401:1254,2385:1241,2369:1229,2353:1216,2337:1204,2321:1192,2305:1180,2289:1168,2273:1155,2257:1141,2241:1129,2225:1117,2209:1105,2193:1093,2177:1081,2161:1068,2145:1055,2129:1043,2113:1031,2096:1018,2080:1006,2064:994,2047:982,2031:970,2015:958,1998:946,1981:934,1964:921,1948:908,1932:895,1915:882,1899:869,1883:856,1866:843,1849:830,1833:817,1816:805,1800:794,1783:782,1766:769,1749:756,1732:743,1715:730,1698:717,1681:705,1664:692,1647:680,1631:667,1614:655,1597:642,1580:630,1563:618,1546:606,1529:593,1512:580,1496:568,1479:556,1462:544,1445:531,1428:519,1411:507,1394:495,1378:482,1361:470,1344:458,1327:445,1310:432,1293:421,1276:409,1259:397,1242:385,1225:373,1208:361,1191:348,1174:336,1157:324,1140:312,1123:299,1106:287,1089:275,1072:263,1055:251,1041:241,1030:233,1021:227,1014:222,1009:218,984:201,964:188,948:177,935:168,925:161,900:145,880:132,864:122,851:114,841:107,833:102,826:98,821:94,817:91,813:89,810:87,808:86,806:85,805:84,804:83,803:82,802:82,801:82,801:82,801:82,801:82,801:82
238,straight,3380:1998,3368:1988,3355:1980,3343:1971,3331:1962,3319:1952,3307:1943,3295:1934,3282:1925,3270:1917,3258:1909,3246:1901,3234:1892,3222:1886,3209:1876,3197:1866,3185:1856,3173:1846,3161:1837,3148:1827,3136:1817,3124:1807,3112:1798,3100:1788,3087:1779,3074:1770,3061:1761,3049:1752,3037:1742,3025:1733,3013:1723,3001:1714,2989:1704,2976:1695,2964:1686,2952:1677,2940:1667,2929:1658,2918:1649,2907:1640,2895:1631,2883:1621,2870:1612,2858:1602,2846:1594,2834:1586,2822:1578,2810:1568,2797:1558,2785:1549,2772:1539,2760:1529,2748:1519,2736:1510,2724:1500,2712:1491,2700:1481,2688:1472,2676:1462,2664:1453,2652:1444,2640:1435,2628:1425,2615:1416,2603:1407,2591:1398,2578:1388,2566:1378,2553:1368,2540:1358,2527:1348,2515:1339,2502:1330,2489:1320,2477:1311,2465:1302,2452:1293,2440:1284,2427:1275,2414:1265,2402:1255,2389:1245,2377:1235,2364:1225,2352:1215,2339:1205,2326:1196,2314:1186,2302:1176,2289:1166,2276:1157,2264:1148,2251:1137,2238:1127,2225:1118,2213:1108,2201:1098,2188:1088,2176:1079,2164:1070,2152:1061,2139:1052,2126:1042,2113:1032,2100:1023,2087:1013,2074:1004,2061:994,2048:985,2035:975,2022:965,2009:955,1996:945,1983:935,1970:925,1957:915,1944:905,1930:895,1916:885,1902:875,1889:865,1875:855,1861:845,1848:836,1835:826,1821:816,1807:806,1793:796,1779:787,1765:777,1751:766,1737:755,1724:744,1710:732,1696:722,1682:711,1667:700,1653:690,1639:680,1624:669,1610:659,1596:648,1582:637,1567:626,1553:616,1538:606,1523:594,1509:583,1494:572,1479:561,1464:550,1449:539,1434:528,1419:517,1404:506,1389:494,1374:483,1358:471,1343:459,1327:447,1312:435,1297:424,1281:413,1265:402,1250:390,1234:378,1218:367,1203:355,1187:343,1171:332,1155:320,1139:308,1123:296,1107:284,1090:272,1074:260,1057:248,1040:235,1023:222,1006:209,989:197,972:185,955:173,938:161,921:149,904:137,887:126,869:116,851:107,834:98,820:91,809:85,800:80,793:76,787:73,782:71,778:69,775:68,773:67,771:66,770:65,769:64,768:64,767:64,766:64,766:64,766:64,766:64,766:64
239,straight,1032:553,1046:563,1064:575,1081:588,1098:600,1115:612,1132:623,1145:632,1161:644,1177:656,1190:665,1201:673,1228:696,1252:712,1275:726,1288:736,1302:746,1316:757,1330:768,1343:778,1358:787,1373:798,1388:809,1404:820,1419:831,1434:842,1450:855,1466:867,1481:878,1497:889,1512:902,1527:913,1543:924,1559:936,1574:947,1590:958,1606:969,1622:980,1638:990,1654:1001,1670:1012,1686:1023,1701:1035,1717:1047,1733:1060,1749:1073,1765:1085,1781:1097,1797:1109,1812:1121,1828:1133,1844:1145,1860:1156,1876:1166,1892:1179,1908:1192,1924:1204,1939:1216,1955:1228,1971:1241,1987:1254,2002:1266,2018:1278,2034:1290,2050:1302,2066:1314,2081:1325,2097:1335,2113:1346,2129:1358,2145:1371,2161:1384,2176:1397,2191:1410,2207:1423,2223:1436,2239:1448,2255:1460,2270:1472,2286:1485,2301:1496,2317:1506,2333:1517,2349:1529,2364:1543,2379:1556,2394:1569,2410:1581,2425:1594,2441:1607,2456:1620,2472:1633,2487:1645,2502:1657,2518:1669,2534:1682,2550:1693,2565:1706,2581:1719,2596:1732,2611:1744,2626:1756,2642:1768,2657:1781,2672:1793,2687:1806,2699:1816,2716:1829,2732:1842,2748:1854,2760:1864,2770:1872,2778:1878,2784:1883,2789:1887,2793:1890,2817:1910,2839:1928,2860:1943,2880:1957,2899:1969,2917:1980,2934:1990,2950:2000,2962:2008,2959:2011,2959:2014,2959:2016,2959:2018,2959:2019,2959:2020,2959:2021,2959:2022,2959:2023,2959:2023,2959:2023,2959:2023,2959:2023
240,straight,3390:2015,3377:2006,3364:1996,3351:1987,3339:1977,3326:1968,3313:1958,3301:1948,3288:1939,3275:1930,3262:1922,3249:1914,3237:1904,3225:1894,3212:1884,3199:1874,3187:1863,3175:1853,3162:1843,3149:1833,3136:1823,3123:1813,3111:1803,3099:1794,3086:1786,3072:1777,3059:1766,3047:1755,3035:1745,3023:1736,3011:1726,2998:1715,2985:1705,2971:1694,2958:1684,2945:1675,2933:1666,2922:1656,2912:1647,2901:1638,2887:1628,2874:1618,2861:1608,2848:1599,2846:1594,2831:1584,2817:1574,2803:1565,2789:1554,2775:1544,2761:1533,2748:1522,2735:1512,2722:1502,2709:1491,2696:1481,2683:1471,2670:1461,2657:1451,2645:1441,2633:1432,2621:1422,2608:1413,2596:1404,2583:1393,2570:1383,2557:1373,2545:1363,2532:1353,2519:1343,2506:1333,2494:1323,2481:1313,2469:1304,2456:1295,2444:1287,2432:1279,2419:1271,2406:1261,2393:1249,2380:1239,2367:1229,2355:1219,2342:1208,2329:1198,2317:1188,2304:1178,2291:1168,2278:1159,2266:1149,2253:1139,2240:1129,2228:1120,2215:1111,2202:1101,2189:1090,2176:1080,2164:1070,2151:1060,2138:1050,2125:1040,2112:1030,2100:1020,2087:1010,2074:1000,2061:991,2048:982,2035:973,2022:964,2010:954,1997:945,1984:936,1972:927,1959:916,1946:906,1933:896,1921:886,1908:876,1895:866,1882:856,1869:846,1856:836,1843:827,1829:817,1816:807,1803:797,1791:788,1779:779,1766:771,1753:764,1740:753,1727:743,1714:733,1701:722,1688:712,1676:702,1663:692,1650:682,1637:672,1624:662,1611:652,1598:642,1585:633,1572:623,1559:614,1546:605,1533:596,1520:587,1507:577,1494:567,1481:557,1468:547,1455:537,1442:527,1429:517,1416:507,1404:498,1391:488,1378:478,1365:468,1352:458,1339:449,1326:440,1313:430,1301:420,1288:410,1275:401,1262:391,1249:381,1236:371,1223:362,1211:353,1198:343,1185:333,1172:323,1159:313,1146:304,1133:294,1120:284,1107:275,1094:265,1081:256,1068:246,1056:235,1043:225,1030:215,1017:206,1004:196,991:186,978:177,965:167,952:158,938:148,925:138,912:129,899:120,886:112,873:104,860:97,847:91,836:85,827:80,816:74,807:69,800:65,794:62,790:59,786:57,783:55,781:54,779:53,778:52,777:51,776:50,775:50,774:50,774:50,774:50,774:50,774:50
241,right,990:483,1006:499,1019:512,1033:519,1044:524,1057:536,1068:546,1077:554,1089:560,1099:565,1112:575,1123:584,1134:594,1144:604,1154:609,1164:615,1174:622,1184:629,1194:636,1204:643,1213:650,1223:658,1232:666,1241:674,1250:682,1259:689,1268:696,1277:703,1286:711,1295:718,1304:732,1313:739,1321:745,1329:751,1338:764,1347:777,1355:789,1363:801,1370:805,1377:810,1384:815,1391:822,1398:829,1405:835,1411:841,1418:847,1424:854,1430:861,1436:868,1442:875,1448:882,1454:890,1460:897,1465:903,1469:908,1475:917,1480:924,1484:930,1490:939,1495:948,1500:957,1506:965,1511:971,1517:980,1522:989,1526:998,1531:1007,1536:1016,1540:1025,1544:1034,1548:1042,1551:1051,1554:1059,1556:1068,1558:1076,1560:1084,1563:1092,1565:1099,1569:1107,1572:1113,1574:1118,1576:1122,1578:1125,1579:1128,1580:1130,1581:1132,1582:1133,1582:1134,1582:1135,1582:1136,1589:1166,1595:1189,1600:1211,1604:1230,1608:1247,1611:1262,1614:1276,1616:1289,1619:1321,1624:1365,1624:1424,1614:1536,1591:1634,1578:1688,1575:1698,1572:1708,1569:1716,1567:1722,1565:1727,1564:1731,1563:1734,1558:1756,1554:1773,1551:1787,1548:1798,1546:1807,1544:1814,1538:1830,1532:1840,1526:1857,1521:1870,1516:1883,1511:1897,1506:1902,1501:1908,1496:1915,1491:1923,1486:1935,1481:1947,1476:1961,1471:1975,1466:1988,1461:1993,1456:1998,1451:2003,1446:2008,1441:2014,1436:2026,1431:2037,1427:2046,1424:2055,1421:2062,1419:2068,1417:2073,1416:2077,1415:2080,1414:2082,1413:2084,1413:2085,1413:2086,1413:2087,1413:2088,1413:2089,1413:2089,1413:2089,1413:2089
242,straight,1152:629,1163:637,1181:650,1199:663,1218:678,1233:690,1245:700,1263:714,1281:727,1298:740,1316:753,1333:765,1350:778,1367:790,1383:802,1399:813,1416:825,1432:837,1448:849,1464:861,1481:875,1497:887,1513:898,1529:909,1545:921,1561:933,1577:944,1593:954,1609:965,1625:976,1641:988,1657:1000,1673:1012,1689:1025,1705:1037,1721:1049,1737:1061,1753:1074,1769:1086,1785:1098,1801:1110,1817:1121,1833:1133,1849:1145,1865:1157,1881:1169,1897:1181,1913:1193,1929:1205,1945:1218,1961:1230,1977:1242,1993:1254,2009:1266,2025:1278,2041:1289,2057:1301,2073:1312,2089:1324,2105:1336,2121:1349,2137:1362,2153:1374,2169:1386,2185:1398,2201:1410,2217:1422,2233:1434,2249:1446,2265:1458,2281:1469,2297:1479,2313:1491,2330:1504,2346:1516,2362:1529,2378:1542,2394:1555,2410:1568,2426:1580,2442:1592,2458:1605,2474:1617,2490:1629,2506:1641,2522:1652,2538:1663,2554:1676,2570:1688,2586:1700,2602:1713,2618:1725,2634:1737,2647:1747,2664:1760,2681:1773,2697:1786,2710:1797,2720:1805,2728:1812,2748:1826,2767:1839,2785:1854,2803:1869,2820:1883,2837:1896,2854:1908,2871:1920,2887:1933,2904:1946,2920:1957,2937:1971,2953:1984,2969:1996,2981:2005,2998:2016,3014:2025,3027:2033,3038:2039,3046:2044,3053:2048,3058:2051,3062:2053,3087:2064,3107:2072,3123:2079,3135:2084,3145:2088,3153:2092,3159:2095,3164:2097,3168:2099,3171:2100,3174:2101,3176:2102,3178:2103,3179:2104,3180:2104,3181:2104,3182:2104,3183:2104,3183:2104,3183:2104,3183:2104,3183:2104
243,straight,3323:1938,3306:1927,3290:1915,3274:1903,3258:1891,3241:1879,3225:1867,3209:1855,3192:1844,3176:1832,3160:1820,3144:1808,3128:1797,3111:1785,3095:1772,3079:1760,3063:1748,3047:1736,3031:1723,3015:1711,2999:1700,2983:1688,2967:1677,2952:1665,2936:1653,2920:1641,2904:1629,2888:1618,2872:1607,2856:1597,2840:1585,2824:1572,2808:1560,2792:1547,2775:1535,2759:1523,2743:1511,2727:1499,2711:1487,2695:1475,2679:1463,2663:1451,2647:1439,2630:1427,2614:1415,2597:1403,2581:1391,2565:1379,2549:1367,2532:1355,2516:1342,2500:1330,2484:1318,2467:1308,2451:1297,2434:1284,2418:1272,2401:1259,2384:1246,2368:1233,2352:1221,2335:1209,2318:1197,2301:1185,2285:1173,2268:1161,2251:1148,2235:1136,2218:1124,2202:1111,2186:1099,2170:1086,2153:1074,2136:1062,2119:1050,2102:1038,2085:1026,2069:1014,2052:1002,2036:990,2020:978,2004:965,1987:952,1971:940,1955:928,1938:916,1921:904,1904:891,1888:879,1871:867,1854:855,1837:843,1821:831,1805:819,1788:808,1771:797,1754:784,1738:771,1722:759,1705:746,1688:733,1671:720,1655:707,1638:694,1621:682,1605:670,1588:658,1571:646,1554:634,1537:622,1520:610,1503:598,1486:585,1469:572,1452:559,1436:546,1420:534,1403:521,1386:508,1368:495,1351:483,1334:471,1318:459,1301:447,1284:435,1267:423,1249:410,1232:398,1215:385,1198:373,1181:361,1164:349,1147:337,1130:324,1112:311,1094:298,1077:286,1059:274,1042:261,1028:251,1010:238,992:226,974:214,956:201,938:189,920:177,902:165,884:153,866:141,848:130,831:119,814:109,796:100,777:92,762:85,750:80,741:76,733:73,727:70,722:68,718:66,715:65,713:64,711:63,709:62,708:61,707:61,706:61,705:61,705:61,705:61,705:61,705:61
244,straight,3318:1919,3300:1906,3283:1893,3265:1880,3248:1866,3230:1852,3212:1840,3194:1827,3176:1814,3159:1802,3141:1790,3123:1776,3105:1762,3087:1749,3070:1735,3052:1721,3034:1707,3016:1694,2999:1680,2982:1666,2966:1653,2951:1641,2932:1628,2913:1616,2895:1604,2877:1590,2860:1576,2842:1563,2824:1549,2806:1535,2788:1522,2770:1509,2752:1495,2734:1481,2716:1467,2698:1453,2681:1440,2663:1427,2646:1412,2629:1397,2611:1384,2594:1372,2576:1359,2559:1345,2541:1331,2524:1319,2507:1306,2489:1293,2471:1280,2454:1267,2437:1253,2419:1239,2401:1226,2383:1213,2365:1200,2347:1187,2329:1173,2311:1158,2293:1144,2275:1131,2257:1119,2240:1106,2222:1092,2204:1079,2186:1066,2169:1053,2151:1040,2133:1026,2115:1013,2097:1000,2079:987,2061:973,2043:960,2025:947,2008:934,1990:920,1972:906,1955:893,1937:880,1919:867,1902:853,1884:839,1866:826,1848:813,1830:800,1812:787,1794:773,1776:759,1758:746,1740:733,1722:720,1704:707,1686:693,1668:680,1650:667,1632:654,1614:642,1596:629,1578:616,1560:603,1542:589,1524:576,1506:563,1488:550,1470:537,1452:524,1434:511,1416:498,1397:485,1379:471,1361:458,1342:445,1323:432,1305:419,1287:407,1269:394,1250:381,1232:368,1214:355,1195:342,1176:329,1158:317,1139:304,1121:291,1102:278,1084:266,1065:253,1046:241,1028:229,1010:217,992:205,973:193,954:181,936:169,917:157,898:146,879:134,860:123,842:113,824:104,806:96,791:90,779:85,770:81,762:78,756:76,751:74,747:72,744:71,742:70,740:69,738:68,737:68,736:68,735:68,734:68,734:68,734:68,734:68,734:68
245,straight,3345:1974,3333:1966,3321:1958,3309:1950,3297:1943,3286:1935,3274:1927,3263:1920,3252:1912,3241:1903,3230:1894,3219:1886,3208:1877,3197:1869,3186:1861,3175:1853,3164:1845,3153:1837,3142:1829,3131:1821,3121:1814,3110:1807,3099:1799,3088:1792,3078:1784,3068:1776,3058:1769,3048:1761,3038:1753,3029:1745,3019:1737,3009:1729,2998:1722,2988:1714,2978:1706,2968:1698,2959:1691,2950:1684,2941:1678,2934:1673,2926:1666,2918:1659,2910:1652,2900:1645,2892:1638,2884:1632,2874:1625,2865:1618,2855:1611,2846:1605,2837:1598,2828:1591,2819:1584,2812:1579,2803:1572,2794:1565,2785:1558,2776:1550,2768:1543,2759:1536,2751:1530,2743:1524,2735:1517,2727:1510,2719:1503,2712:1497,2704:1490,2696:1484,2689:1478,2682:1471,2675:1464,2668:1457,2661:1451,2654:1444,2647:1437,2640:1431,2633:1424,2626:1417,2619:1410,2613:1403,2606:1396,2599:1389,2593:1382,2587:1376,2581:1370,2575:1363,2569:1356,2563:1349,2557:1342,2551:1335,2545:1328,2539:1321,2534:1314,2528:1307,2524:1301,2518:1293,2513:1286,2508:1279,2503:1271,2498:1264,2494:1257,2489:1249,2484:1241,2480:1234,2477:1228,2474:1220,2470:1212,2465:1204,2461:1196,2457:1188,2453:1180,2449:1172,2446:1166,2444:1161,2442:1157,2437:1147,2433:1139,2430:1133,2425:1124,2421:1117,2417:1107,2413:1097,2410:1089,2407:1079,2403:1070,2400:1061,2397:1052,2394:1043,2391:1034,2389:1025,2387:1016,2385:1008,2383:999,2381:990,2379:981,2377:972,2374:963,2373:954,2372:947,2370:937,2368:929,2367:923,2366:913,2365:905,2362:882
246,left,2309:345,2305:353,2300:360,2296:367,2292:374,2287:381,2283:389,2279:396,2275:403,2271:410,2267:417,2263:424,2259:431,2255:438,2251:444,2247:451,2243:458,2240:463,2238:467,2236:470,2234:473,2233:475,2232:477,2226:487,2222:495,2217:504,2213:512,2209:518,2205:524,2201:530,2197:536,2194:542,2191:548,2188:554,2185:559,2182:564,2179:569,2177:573,2174:578,2171:583,2168:587,2165:591,2163:596,2160:600,2158:605,2156:610,2153:614,2151:618,2149:622,2146:625,2144:629,2142:633,2140:637,2138:640,2136:643,2135:647,2133:650,2131:654,2130:658,2127:666,2061:891,2079:1138,2117:1239,2124:1253,2131:1266,2138:1278,2144:1290,2150:1301,2155:1310,2161:1320,2167:1330,2173:1340,2179:1349,2185:1358,2191:1367,2197:1375,2203:1383,2210:1392,2217:1401,2223:1409,2229:1417,2236:1425,2243:1433,2250:1441,2257:1448,2264:1456,2271:1464,2278:1472,2285:1480,2293:1488,2300:1495,2308:1503,2316:1510,2323:1517,2331:1525,2339:1533,2347:1541,2356:1549,2364:1558,2373:1566,2382:1574,2391:1582,2398:1588,2408:1597,2417:1606,2426:1615,2435:1623,2445:1631,2454:1639,2463:1647,2472:1655,2481:1663,2491:1671,2499:1677,2509:1685,2519:1693,2529:1702,2539:1710,2549:1718,2559:1727,2569:1735,2579:1744,2589:1753,2599:1761,2609:1769,2619:1777,2629:1786,2639:1795,2649:1804,2659:1812,2670:1820,2681:1828,2692:1837,2702:1846,2713:1854,2721:1861,2728:1866,2733:1870,2737:1873,2751:1884,2764:1894,2775:1902,2788:1913,2801:1926,2813:1938,2825:1947,2836:1955,2847:1963,2858:1971,2869:1980,2880:1990,2892:1999,2903:2007,2914:2014,2925:2021,2936:2028,2946:2034,2954:2039,2961:2043,2966:2046,2970:2049,2974:2051,2977:2053,2979:2054,2981:2055,2982:2056,2983:2057,2984:2057,2985:2057,2986:2057,2986:2057,2986:2057,2986:2057,2986:2057
247,left,2360:223,2357:231,2353:236,2349:243,2345:248,2341:254,2338:262,2334:268,2331:275,2327:280,2324:284,2320:289,2316:294,2312:299,2309:305,2306:311,2303:316,2300:322,2297:329,2294:335,2290:341,2286:346,2283:352,2280:358,2278:366,2274:371,2271:377,2267:381,2265:387,2261:390,2257:394,2253:398,2250:403,2247:411,2245:418,2242:424,2239:428,2236:431,2233:435,2231:439,2229:445,2226:448,2223:451,2221:458,2219:461,2216:464,2214:467,2212:470,2209:474,2207:477,2204:480,2201:484,2199:488,2197:491,2195:494,2193:497,2191:500,2189:504,2187:507,2185:510,2183:513,2181:516,2179:519,2177:522,2176:529,2173:542,2071:1198,2077:1212,2080:1220,2083:1228,2086:1234,2088:1239,2092:1247,2096:1255,2100:1263,2103:1270,2107:1277,2111:1284,2115:1291,2119:1298,2122:1305,2126:1312,2130:1319,2135:1326,2140:1332,2144:1337,2149:1344,2154:1351,2159:1358,2163:1365,2168:1372,2173:1378,2177:1384,2182:1390,2187:1396,2192:1403,2198:1410,2204:1417,2209:1424,2214:1430,2219:1436,2225:1442,2231:1448,2237:1454,2244:1460,2250:1466,2256:1472,2263:1478,2270:1483,2277:1489,2284:1494,2291:1500,2298:1506,2305:1512,2311:1517,2317:1522,2324:1527,2331:1532,2338:1538,2345:1543,2352:1550,2359:1556,2366:1563,2373:1569,2381:1576,2389:1583,2397:1590,2405:1597,2413:1604,2421:1611,2429:1617,2436:1623,2444:1629,2452:1635,2460:1641,2468:1647,2476:1653,2484:1659,2492:1665,2500:1671,2508:1677,2517:1683,2526:1689,2534:1696,2543:1703,2552:1711,2561:1717,2570:1723,2578:1729,2587:1737,2595:1744,2604:1752,2613:1759,2622:1765,2630:1772,2639:1779,2648:1786,2658:1794,2668:1804,2677:1811,2686:1818,2695:1825,2705:1832,2715:1843,2724:1850,2734:1857,2743:1864,2753:1870,2762:1876,2772:1884,2782:1896,2792:1904,2803:1911,2813:1918,2823:1926,2834:1937,2845:1945,2855:1952,2865:1960,2875:1968,2888:1978,2899:1987,2910:1995,2921:2003,2932:2011,2943:2018,2954:2025,2963:2031,2966:2037,2970:2042,2973:2046,2990:2058,3010:2062,3026:2065,3041:2069,3053:2072,3063:2075,3071:2077,3077:2079,3082:2080,3086:2081,3089:2082,3091:2083,3093:2083,3095:2083,3096:2083,3097:2083,3098:2083,3099:2083,3099:2083,3099:2083,3099:2083,3099:2083
248,straight,3337:1936,3325:1928,3314:1920,3303:1912,3292:1904,3281:1896,3271:1888,3260:1880,3250:1873,3240:1866,3230:1858,3220:1850,3209:1842,3199:1834,3188:1826,3178:1819,3168:1812,3158:1805,3148:1798,3138:1791,3128:1784,3118:1776,3108:1772,3098:1764,3088:1756,3078:1748,3068:1740,3058:1733,3047:1726,3037:1719,3028:1712,3019:1704,3009:1697,2998:1690,2988:1683,2978:1676,2969:1669,2960:1662,2951:1655,2942:1648,2934:1641,2926:1634,2919:1628,2912:1622,2906:1617,2901:1612,2896:1608,2892:1604,2887:1600,2882:1596,2877:1593,2872:1589,2867:1585,2852:1573,2850:1571,2834:1560,2820:1549,2807:1539,2795:1530,2784:1522,2774:1513,2765:1505,2756:1497,2747:1490,2738:1483,2729:1476,2721:1469,2713:1462,2705:1455,2697:1448,2690:1441,2683:1434,2676:1428,2669:1421,2663:1414,2656:1407,2649:1400,2642:1393,2635:1386,2628:1379,2621:1372,2615:1364,2609:1357,2604:1350,2599:1342,2593:1335,2587:1328,2581:1321,2576:1314,2571:1307,2566:1299,2561:1291,2556:1284,2551:1277,2546:1269,2541:1262,2536:1254,2531:1246,2526:1239,2522:1231,2517:1223,2512:1215,2507:1207,2502:1200,2498:1192,2493:1185,2489:1179,2485:1172,2481:1163,2477:1155,2473:1147,2469:1139,2465:1132,2461:1124,2457:1115,2454:1107,2451:1098,2447:1089,2444:1080,2441:1071,2438:1063,2435:1055,2432:1047,2429:1039,2426:1031,2424:1022,2421:1013,2418:1004,2416:996,2414:988,2412:979,2409:971,2407:962,2405:954,2403:945,2402:936,2401:928,2399:919,2397:910,2395:901,2394:893,2393:884,2392:876,2390:867
249,straight,3402:2004,3390:1997,3379:1990,3368:1983,3357:1976,3347:1969,3337:1962,3327:1954,3317:1947,3307:1939,3297:1932,3287:1925,3277:1918,3267:1911,3258:1904,3249:1896,3240:1889,3230:1882,3221:1875,3211:1868,3202:1861,3193:1854,3183:1847,3174:1840,3165:1833,3155:1826,3146:1819,3137:1812,3128:1805,3119:1798,3109:1791,3100:1784,3091:1777,3082:1770,3073:1762,3064:1755,3055:1748,3046:1741,3037:1735,3028:1729,3019:1723,3010:1716,3001:1709,2992:1702,2983:1695,2973:1688,2964:1681,2955:1675,2946:1669,2938:1663,2930:1657,2922:1651,2914:1644,2906:1637,2898:1630,2889:1624,2880:1618,2872:1612,2863:1605,2854:1598,2845:1592,2836:1585,2827:1578,2819:1571,2811:1565,2803:1558,2794:1551,2786:1544,2778:1538,2770:1532,2761:1526,2753:1520,2745:1513,2737:1506,2729:1499,2721:1493,2713:1486,2705:1480,2697:1474,2689:1467,2682:1460,2674:1453,2666:1447,2658:1440,2650:1433,2642:1426,2635:1419,2628:1412,2621:1405,2614:1397,2606:1390,2599:1383,2592:1376,2585:1369,2578:1362,2572:1355,2565:1347,2558:1339,2552:1332,2546:1325,2540:1317,2533:1310,2527:1302,2521:1295,2514:1288,2508:1280,2502:1272,2496:1265,2491:1257,2485:1249,2479:1241,2474:1233,2469:1225,2464:1217,2459:1209,2453:1201,2448:1193,2443:1185,2438:1177,2433:1169,2429:1161,2425:1155,2422:1150,2417:1140,2412:1131,2407:1122,2403:1113,2398:1104,2394:1095,2390:1086,2386:1078,2382:1070,2379:1061,2376:1052,2373:1043,2370:1034,2366:1026,2363:1017,2360:1008,2357:1001,2355:995,2353:991,2352:987,2351:984,2348:971,2345:961,2342:950,2340:941,2338:930,2336:919,2334:910,2333:903,2332:898,2331:894,2330:890
250,straight,3458:2042,3443:2034,3429:2027,3416:2020,3403:2013,3391:2006,3379:1999,3368:1991,3357:1984,3346:1977,3335:1969,3324:1962,3313:1954,3303:1945,3292:1937,3281:1930,3270:1923,3260:1915,3250:1907,3240:1899,3230:1891,3220:1883,3210:1875,3200:1868,3190:1860,3180:1852,3170:1844,3159:1836,3149:1828,3139:1821,3129:1814,3119:1807,3109:1799,3099:1791,3089:1783,3079:1776,3069:1769,3059:1761,3049:1754,3039:1747,3029:1740,3020:1733,3010:1726,3001:1719,2992:1712,2982:1705,2972:1697,2962:1689,2953:1682,2944:1676,2934:1670,2925:1664,2916:1656,2908:1648,2900:1641,2891:1635,2884:1629,2879:1624,2869:1617,2858:1610,2847:1602,2836:1595,2826:1588,2816:1581,2806:1574,2795:1567,2785:1559,2775:1552,2765:1545,2755:1538,2746:1531,2737:1524,2728:1517,2718:1510,2708:1503,2698:1496,2688:1489,2678:1482,2668:1474,2659:1466,2649:1459,2639:1451,2629:1444,2619:1437,2609:1430,2599:1423,2589:1416,2580:1408,2570:1399,2560:1390,2549:1383,2539:1376,2529:1368,2519:1361,2508:1354,2498:1347,2488:1339,2477:1332,2466:1324,2456:1316,2446:1309,2436:1303,2425:1297,2414:1293,2404:1284,2393:1274,2382:1265,2371:1256,2360:1247,2349:1239,2338:1230,2327:1222,2316:1214,2305:1206,2293:1198,2282:1190,2271:1180,2260:1172,2249:1163,2237:1155,2226:1147,2215:1139,2204:1130,2192:1122,2181:1114,2170:1106,2159:1097,2148:1088,2136:1080,2124:1071,2113:1062,2101:1053,2089:1044,2077:1035,2065:1026,2053:1017,2040:1009,2028:1000,2016:991,2004:983,1992:974,1980:965,1968:955,1955:946,1942:936,1929:926,1917:917,1905:907,1893:898,1880:889,1868:879,1855:870,1842:860,1829:850,1815:840,1802:830,1789:821,1776:812,1763:803,1750:793,1737:783,1723:772,1710:762,1697:752,1683:741,1670:731,1656:720,1642:710,1628:699,1614:689,1600:678,1586:668,1571:658,1557:647,1543:636,1528:625,1514:613,1500:602,1485:592,1470:581,1455:570,1440:559,1425:548,1410:537,1396:526,1381:514,1366:503,1351:492,1336:480,1321:469,1306:458,1291:447,1276:436,1261:424,1246:413,1231:401,1216:390,1201:379,1186:367,1171:356,1156:344,1141:333,1126:322,1111:311,1095:300,1080:289,1065:278,1049:267,1034:256,1018:244,1003:233,987:221,971:210,956:199,940:189,924:178,908:167,892:156,876:145,860:134,844:124,828:115,812:106,796:98,780:90,764:83,750:77,738:72,729:68,722:65,716:62,711:60,707:58,704:57,702:56,700:55,698:54,697:53,696:53,695:53,694:53,694:53,694:53,694:53,694:53
251,straight,3370:2008,3358:2000,3346:1992,3334:1984,3322:1976,3310:1968,3298:1960,3287:1952,3275:1944,3264:1936,3253:1928,3242:1920,3231:1912,3220:1904,3210:1896,3200:1888,3189:1880,3178:1872,3168:1864,3158:1856,3147:1847,3137:1839,3127:1831,3116:1823,3105:1816,3095:1808,3084:1802,3073:1797,3062:1789,3052:1780,3042:1772,3033:1764,3023:1756,3013:1748,3003:1739,2993:1730,2983:1722,2972:1714,2961:1706,2951:1698,2941:1690,2931:1682,2921:1675,2911:1668,2902:1660,2894:1652,2887:1645,2877:1638,2865:1630,2854:1623,2843:1616,2832:1609,2821:1601,2810:1593,2799:1585,2789:1578,2778:1570,2768:1562,2758:1554,2748:1546,2738:1538,2728:1531,2718:1524,2707:1516,2697:1508,2687:1501,2676:1493,2666:1485,2655:1477,2645:1469,2635:1461,2625:1453,2614:1445,2604:1437,2594:1430,2584:1422,2574:1413,2563:1405,2553:1397,2543:1389,2533:1381,2523:1373,2512:1365,2501:1358,2490:1350,2480:1342,2470:1334,2460:1326,2450:1318,2439:1311,2429:1304,2419:1298,2409:1293,2399:1284,2388:1275,2377:1266,2367:1257,2356:1249,2345:1241,2334:1233,2323:1224,2312:1216,2302:1208,2291:1200,2280:1191,2269:1182,2258:1173,2247:1165,2236:1158,2225:1151,2214:1144,2202:1135,2190:1126,2179:1117,2168:1108,2157:1099,2146:1090,2135:1081,2124:1072,2112:1064,2100:1055,2088:1047,2077:1038,2066:1029,2054:1020,2042:1012,2030:1003,2018:994,2006:985,1994:977,1982:968,1970:959,1958:950,1946:940,1934:930,1922:920,1910:911,1897:901,1885:891,1872:882,1859:872,1846:863,1833:854,1820:845,1807:835,1795:826,1782:817,1770:808,1757:799,1744:790,1731:780,1718:769,1705:759,1692:748,1679:738,1665:728,1652:719,1638:709,1624:698,1611:688,1597:678,1583:667,1569:657,1555:647,1541:637,1527:627,1513:616,1499:605,1486:595,1472:585,1458:574,1444:564,1430:554,1416:544,1402:534,1388:523,1374:513,1360:503,1346:492,1332:481,1318:470,1304:459,1289:448,1275:438,1260:428,1245:417,1230:406,1215:395,1200:385,1185:374,1170:363,1155:352,1140:341,1125:330,1113:322,1097:311,1081:300,1065:289,1050:278,1034:267,1019:256,1007:247,997:240,980:228,963:216,947:204,930:193,917:184,900:172,883:160,866:149,850:138,837:129,827:122,809:113,792:105,777:97,762:90,750:85,741:81,733:77,727:74,722:72,718:70,715:69,713:68,711:67,709:66,708:65,707:65,706:65,705:65,705:65,705:65,705:65,705:65
252,straight,3320:1951,3306:1941,3292:1931,3279:1922,3266:1912,3252:1902,3238:1891,3224:1881,3210:1871,3197:1861,3184:1851,3170:1840,3156:1830,3143:1821,3129:1810,3115:1799,3101:1789,3088:1779,3074:1769,3060:1758,3046:1747,3032:1736,3018:1725,3004:1715,2989:1704,2975:1693,2962:1683,2949:1673,2937:1663,2924:1653,2910:1642,2896:1632,2881:1622,2867:1612,2853:1601,2839:1590,2824:1580,2810:1570,2796:1559,2781:1549,2767:1538,2753:1528,2739:1518,2725:1508,2711:1497,2697:1486,2683:1476,2669:1465,2655:1454,2641:1444,2627:1434,2613:1423,2599:1411,2585:1400,2571:1390,2557:1380,2543:1369,2528:1359,2514:1349,2500:1339,2486:1328,2473:1318,2459:1308,2444:1298,2429:1287,2414:1276,2400:1265,2385:1254,2371:1244,2356:1233,2341:1223,2327:1212,2309:1195,2293:1180,2279:1170,2266:1160,2252:1151,2238:1142,2224:1133,2209:1124,2195:1114,2181:1104,2167:1093,2153:1083,2138:1073,2124:1062,2109:1052,2094:1041,2080:1030,2065:1019,2051:1008,2037:998,2022:988,2007:977,1992:966,1978:956,1963:945,1948:934,1934:923,1919:912,1905:902,1890:891,1876:880,1861:869,1846:859,1831:849,1816:838,1801:827,1787:817,1772:807,1757:796,1742:785,1727:773,1712:762,1697:751,1682:740,1667:729,1652:718,1637:707,1622:696,1607:685,1592:675,1577:664,1562:653,1547:642,1532:631,1516:620,1501:609,1486:598,1470:587,1454:576,1439:565,1424:554,1408:543,1393:532,1378:522,1362:510,1346:499,1331:487,1315:475,1300:464,1284:453,1268:441,1253:430,1237:419,1222:407,1206:396,1190:385,1175:373,1159:362,1143:351,1128:339,1112:327,1096:316,1080:304,1064:293,1048:282,1032:270,1017:259,1002:248,986:236,970:224,954:212,938:200,922:188,906:177,890:165,874:153,857:141,841:130,825:120,809:111,793:102,777:94,760:87,744:80,731:74,721:70,707:63,694:56,684:50,676:45,669:41,664:38,660:36,657:34,654:32,652:31,650:30,649:29,648:28,647:28,646:28,645:28,645:28,645:28,645:28,645:28
253,straight,3299:1951,3284:1940,3269:1930,3254:1919,3239:1907,3225:1896,3210:1885,3195:1875,3181:1864,3167:1852,3153:1841,3139:1831,3124:1821,3109:1810,3094:1799,3080:1788,3066:1776,3051:1764,3036:1753,3021:1741,3006:1730,2991:1720,2977:1709,2963:1698,2949:1687,2935:1676,2923:1665,2911:1655,2897:1645,2881:1635,2867:1625,2852:1614,2837:1603,2822:1592,2807:1581,2792:1569,2777:1558,2763:1547,2748:1537,2734:1526,2719:1515,2704:1504,2690:1493,2675:1482,2661:1471,2646:1460,2632:1450,2618:1439,2603:1427,2589:1416,2574:1406,2560:1396,2545:1385,2530:1374,2516:1363,2501:1351,2487:1339,2472:1328,2457:1317,2442:1307,2428:1296,2414:1285,2399:1274,2384:1263,2369:1253,2354:1242,2339:1231,2325:1220,2310:1209,2295:1196,2281:1184,2266:1173,2251:1163,2236:1153,2222:1142,2207:1131,2192:1119,2177:1108,2163:1097,2149:1086,2134:1075,2119:1064,2104:1053,2089:1042,2074:1031,2059:1020,2044:1010,2029:999,2014:988,1999:977,1984:966,1969:955,1954:944,1939:933,1924:921,1909:910,1894:898,1879:887,1863:876,1848:865,1832:854,1817:843,1802:832,1787:822,1772:812,1756:801,1740:789,1725:777,1709:765,1694:754,1678:743,1663:732,1648:721,1632:710,1617:699,1601:688,1586:677,1571:666,1556:655,1540:644,1525:633,1510:622,1495:610,1479:599,1463:589,1448:578,1432:567,1417:556,1401:545,1385:533,1370:522,1354:511,1338:500,1322:489,1306:478,1291:466,1276:455,1261:443,1245:431,1229:420,1214:409,1198:398,1182:387,1167:375,1151:364,1135:353,1119:341,1103:329,1087:317,1071:306,1055:295,1039:283,1026:274,1010:262,994:250,978:238,962:227,946:216,930:204,914:193,898:182,882:170,866:159,850:148,834:138,821:130,804:121,787:112,772:104,757:96,741:89,725:83,709:76,695:69,682:63,671:58,662:54,655:51,650:48,646:46,642:44,639:43,637:42,635:41,634:40,633:39,632:39,631:39,630:39,630:39,630:39,630:39,630:39
254,left,1516:2025,1517:2024,1523:2017,1527:2012,1531:2004,1535:1996,1539:1989,1542:1983,1545:1977,1548:1971,1551:1966,1554:1961,1558:1956,1561:1951,1564:1946,1567:1942,1570:1937,1573:1932,1576:1927,1579:1922,1582:1917,1585:1912,1588:1907,1591:1903,1594:1899,1597:1895,1600:1890,1603:1886,1606:1881,1609:1877,1613:1873,1616:1869,1619:1864,1622:1859,1626:1855,1629:1851,1632:1847,1635:1843,1638:1839,1641:1835,1644:1830,1647:1825,1650:1821,1653:1816,1656:1812,1659:1808,1662:1804,1665:1799,1668:1795,1671:1791,1673:1787,1676:1783,1679:1779,1682:1775,1684:1771,1687:1766,1690:1762,1693:1758,1696:1754,1699:1750,1702:1746,1704:1742,1706:1738,1709:1734,1711:1730,1714:1726,1717:1722,1720:1718,1722:1715,1724:1711,1727:1707,1730:1703,1732:1699,1734:1696,1736:1692,1739:1688,1741:1685,1744:1681,1746:1678,1748:1675,1751:1672,1753:1668,1755:1664,1757:1661,1759:1658,1761:1655,1764:1652,1766:1649,1768:1646,1770:1643,1772:1640,1774:1637,1776:1633,1778:1630,1780:1627,1782:1624,1784:1621,1786:1618,1788:1615,1883:1340,1835:1074,1832:1067,1829:1059,1826:1051,1823:1043,1820:1036,1817:1029,1814:1021,1811:1013,1808:1006,1805:999,1802:992,1798:985,1795:978,1791:971,1787:964,1783:957,1779:951,1776:944,1771:937,1765:930,1760:923,1757:916,1753:910,1749:903,1746:896,1742:890,1738:883,1734:876,1730:869,1726:862,1721:856,1716:850,1711:844,1706:837,1701:830,1696:823,1691:816,1685:809,1680:802,1674:795,1668:788,1662:781,1657:774,1651:767,1645:760,1639:753,1633:746,1626:739,1620:732,1613:724,1607:716,1601:709,1594:702,1587:695,1580:688,1573:680,1566:673,1558:666,1551:659,1544:652,1536:645,1529:638,1523:633,1515:625,1507:617,1499:609,1491:601,1483:593,1475:586,1467:579,1459:572,1450:565,1442:558,1433:550,1425:542,1417:535,1408:528,1399:521,1390:514,1381:506,1373:498,1365:491,1356:484,1347:476,1338:468,1329:460,1320:453,1311:445,1301:437,1291:429,1282:422,1273:415,1263:407,1253:400,1244:392,1234:384,1224:377,1214:370,1204:363,1194:355,1185:347,1175:339,1165:331,1155:323,1145:315,1135:307,1125:299,1114:291,1103:283,1093:276,1083:268,1072:261,1061:253,1050:245,1039:237,1028:230,1017:222,1006:214,995:206,984:198,975:192,963:184,951:176,939:168,927:160,915:152,903:144,894:138,887:133,874:124,861:116,848:108,835:101,823:95,811:89,800:84,789:79,780:75,768:70,756:65,745:60,736:56,729:53,723:50,718:48,714:46,711:45,709:44,707:43,706:42,705:42,704:42,703:42,702:42,702:42,702:42,702:42,702:42
255,straight,560:265,578:279,596:294,614:306,632:316,650:326,664:334,682:349,700:361,718:372,736:384,755:398,772:410,791:422,809:433,827:445,845:457,863:474,881:489,899:501,917:512,935:523,953:538,972:551,990:563,1007:575,1025:587,1043:598,1060:609,1078:622,1095:634,1112:647,1130:661,1148:673,1165:686,1183:699,1200:712,1218:728,1236:740,1253:752,1271:764,1289:778,1306:790,1323:801,1340:814,1357:827,1374:839,1392:855,1409:867,1427:879,1445:893,1463:909,1480:922,1497:934,1514:951,1531:963,1549:977,1566:987,1583:997,1600:1009,1617:1021,1634:1033,1652:1051,1670:1063,1687:1075,1704:1087,1721:1099,1738:1111,1755:1123,1772:1136,1789:1149,1807:1161,1824:1173,1841:1187,1858:1201,1875:1214,1893:1227,1910:1239,1928:1252,1946:1265,1963:1278,1980:1292,1997:1305,2014:1317,2031:1330,2049:1343,2066:1356,2083:1369,2100:1382,2117:1396,2134:1409,2151:1422,2169:1436,2186:1450,2203:1463,2220:1477,2237:1490,2254:1501,2271:1512,2289:1526,2306:1540,2323:1554,2341:1568,2359:1583,2376:1597,2393:1610,2410:1624,2427:1637,2444:1650,2461:1664,2480:1683,2499:1701,2516:1717,2532:1727,2548:1739,2565:1751,2582:1763,2599:1775,2618:1793,2635:1805,2651:1818,2667:1830,2684:1843,2701:1855,2718:1866,2735:1880,2749:1891,2767:1907,2785:1924,2803:1938,2821:1951,2839:1970,2855:1981,2873:1993,2889:2003,2905:2012,2922:2020,2936:2027,2954:2043,2968:2055,2980:2065,2989:2073,2996:2079,3002:2084,3007:2088,3011:2091,3014:2094,3016:2096,3018:2098,3020:2099,3021:2100,3022:2101,3023:2102,3024:2103,3024:2103,3024:2103,3024:2103,3024:2103
256,straight,3046:1774,3034:1764,3018:1752,3002:1739,2986:1726,2970:1714,2955:1702,2941:1690,2927:1678,2911:1666,2895:1654,2882:1645,2865:1633,2852:1623,2841:1615,2832:1609,2813:1594,2794:1579,2776:1565,2758:1551,2741:1538,2724:1525,2708:1512,2692:1499,2675:1487,2659:1475,2643:1463,2627:1451,2612:1439,2596:1426,2580:1413,2565:1401,2549:1389,2533:1377,2518:1365,2502:1353,2486:1339,2470:1327,2454:1318,2438:1306,2422:1294,2406:1282,2390:1270,2374:1258,2358:1246,2342:1234,2326:1223,2310:1211,2291:1194,2275:1181,2260:1169,2245:1158,2230:1147,2214:1136,2198:1125,2183:1114,2167:1102,2151:1090,2135:1078,2119:1067,2103:1055,2088:1044,2072:1032,2057:1021,2041:1009,2025:997,2009:985,1993:974,1977:962,1961:950,1945:938,1929:926,1913:914,1897:902,1881:890,1865:879,1849:867,1833:855,1817:843,1801:832,1785:821,1770:809,1754:797,1738:784,1722:772,1706:760,1690:748,1674:737,1658:726,1642:714,1626:702,1610:690,1594:679,1578:668,1562:657,1546:645,1530:633,1514:620,1501:610,1485:598,1472:589,1455:576,1438:564,1422:552,1406:540,1389:528,1373:516,1356:504,1340:492,1327:482,1317:474,1299:461,1285:451,1267:438,1252:427,1240:418,1222:405,1204:391,1189:380,1171:367,1154:354,1136:341,1119:329,1102:317,1085:305,1068:292,1051:280,1038:270,1021:258,1007:248,996:240,977:227,959:214,945:204,933:196,924:189,917:184,911:180,906:176,902:173,899:171,897:169,895:168,893:167,892:166,891:165,890:164,889:164,889:164,889:164,889:164,889:164
257,straight,3221:1925,3206:1913,3191:1901,3176:1889,3160:1877,3145:1864,3130:1852,3113:1841,3096:1831,3081:1820,3066:1807,3051:1795,3035:1783,3019:1771,3003:1758,2988:1746,2972:1734,2957:1722,2941:1710,2926:1698,2911:1686,2896:1674,2880:1662,2863:1650,2846:1639,2831:1628,2815:1617,2799:1606,2783:1594,2767:1582,2750:1568,2734:1555,2718:1543,2702:1530,2686:1517,2670:1505,2654:1493,2639:1480,2623:1468,2607:1456,2591:1443,2575:1429,2559:1416,2543:1404,2526:1392,2509:1380,2493:1368,2477:1356,2461:1344,2445:1333,2429:1322,2413:1311,2396:1298,2379:1284,2363:1272,2347:1260,2330:1247,2314:1235,2297:1223,2281:1211,2264:1198,2247:1185,2231:1173,2214:1161,2197:1148,2181:1135,2164:1122,2148:1110,2131:1097,2115:1084,2098:1072,2081:1060,2064:1047,2047:1035,2031:1023,2015:1011,1998:999,1981:988,1964:975,1948:962,1931:948,1914:935,1897:923,1880:910,1863:897,1846:884,1829:872,1812:859,1796:846,1780:834,1764:823,1747:812,1730:798,1713:785,1696:773,1679:760,1662:747,1646:734,1629:722,1613:710,1596:698,1579:685,1562:673,1545:661,1528:649,1512:638,1496:625,1479:612,1463:600,1446:588,1430:575,1413:563,1396:551,1379:538,1363:526,1346:513,1329:500,1312:487,1295:475,1278:463,1261:451,1244:438,1228:426,1211:414,1194:402,1177:390,1160:377,1143:365,1126:353,1109:340,1092:327,1075:314,1058:302,1041:290,1024:277,1007:265,990:253,973:240,956:228,939:215,921:203,904:191,890:181,871:169,853:156,835:144,821:134,802:124,787:116,775:109,766:104,743:94,724:86,709:80,697:75,688:71,680:68,674:66,669:64,665:62,662:61,660:60,658:59,656:58,655:58,654:58,653:58,652:58,652:58,652:58,652:58,652:58
258,straight,755:378,774:390,793:404,811:415,829:426,843:435,861:450,879:466,897:479,915:490,932:501,949:512,966:524,984:538,1002:551,1019:564,1036:575,1053:587,1070:598,1087:609,1105:624,1119:636,1137:648,1154:660,1171:672,1188:685,1206:697,1223:709,1240:722,1257:734,1270:744,1289:758,1306:771,1323:784,1340:797,1357:809,1374:822,1390:835,1407:847,1424:859,1441:871,1458:884,1475:896,1491:908,1508:921,1525:933,1542:945,1558:957,1574:969,1591:981,1608:993,1624:1005,1641:1018,1658:1030,1674:1042,1691:1055,1707:1067,1724:1080,1740:1093,1756:1106,1772:1118,1789:1130,1805:1142,1821:1154,1838:1167,1854:1179,1870:1192,1887:1205,1903:1217,1919:1230,1936:1242,1953:1255,1970:1267,1986:1279,2002:1291,2018:1304,2034:1316,2050:1326,2066:1338,2082:1350,2098:1362,2114:1374,2130:1386,2146:1399,2162:1412,2179:1424,2196:1436,2212:1449,2228:1462,2244:1474,2260:1486,2276:1498,2292:1510,2308:1522,2324:1534,2340:1547,2357:1560,2373:1572,2389:1585,2405:1597,2421:1609,2437:1621,2453:1634,2469:1646,2485:1658,2501:1670,2517:1683,2534:1696,2550:1708,2566:1721,2582:1734,2598:1747,2614:1760,2631:1774,2647:1786,2663:1798,2679:1810,2695:1823,2711:1835,2727:1847,2740:1857,2757:1871,2773:1884,2790:1898,2806:1911,2822:1924,2838:1937,2854:1950,2870:1964,2887:1977,2904:1989,2920:2000,2935:2011,2947:2020,2957:2027,2977:2043,2993:2056,3006:2066,3016:2074,3024:2080,3031:2085,3036:2089,3040:2092,3044:2095,3047:2097,3049:2099,3051:2100,3052:2101,3053:2102,3054:2103,3055:2104,3056:2104,3056:2104,3056:2104,3056:2104,3056:2104
259,straight,762:371,778:385,798:398,817:411,835:423,852:435,869:446,883:455,901:467,918:479,935:491,951:502,967:513,980:522,998:535,1014:546,1031:558,1047:569,1062:580,1078:592,1093:603,1107:614,1123:626,1139:638,1155:650,1170:662,1186:674,1202:687,1217:697,1233:708,1249:720,1264:732,1279:744,1295:756,1310:769,1325:780,1339:791,1355:804,1371:815,1387:826,1402:837,1418:848,1434:859,1449:871,1465:883,1481:895,1497:907,1512:919,1527:930,1543:942,1558:953,1574:965,1589:977,1604:989,1619:1001,1634:1013,1650:1025,1665:1037,1681:1049,1697:1061,1713:1072,1728:1084,1743:1096,1759:1108,1774:1120,1789:1132,1805:1145,1820:1157,1836:1169,1851:1181,1867:1193,1883:1205,1898:1217,1913:1229,1929:1241,1946:1253,1961:1265,1976:1278,1991:1290,2006:1302,2022:1314,2037:1326,2053:1338,2068:1351,2083:1364,2098:1376,2113:1388,2128:1400,2143:1413,2159:1425,2174:1438,2189:1450,2204:1462,2219:1474,2234:1486,2250:1497,2265:1508,2281:1520,2296:1532,2312:1544,2327:1556,2343:1568,2358:1581,2374:1594,2389:1606,2404:1618,2419:1631,2434:1643,2449:1655,2464:1667,2479:1678,2494:1688,2510:1701,2525:1713,2540:1725,2555:1737,2570:1749,2585:1761,2600:1773,2615:1785,2630:1797,2645:1809,2660:1821,2675:1833,2690:1845,2706:1857,2721:1868,2736:1883,2751:1898,2767:1910,2782:1921,2797:1933,2811:1946,2827:1958,2842:1970,2857:1981,2873:1992,2888:2002,2902:2011,2916:2020,2931:2028,2945:2036,2960:2043,2972:2049,2982:2054,2990:2058,2996:2061,3001:2063,3005:2065,3008:2066,3011:2067,3013:2068,3015:2069,3016:2070,3017:2070,3018:2070,3019:2070,3019:2070,3019:2070,3019:2070,3019:2070
260,straight,3356:1981,3341:1971,3327:1961,3312:1951,3298:1941,3283:1931,3268:1920,3254:1910,3240:1900,3226:1889,3212:1878,3197:1868,3182:1858,3168:1847,3154:1837,3140:1827,3126:1817,3111:1806,3097:1794,3083:1783,3068:1772,3053:1761,3039:1751,3025:1741,3014:1733,2999:1722,2984:1711,2969:1701,2955:1691,2941:1680,2927:1669,2914:1659,2900:1649,2886:1639,2871:1629,2857:1619,2843:1608,2829:1598,2815:1587,2801:1577,2787:1567,2773:1556,2759:1545,2745:1535,2731:1525,2717:1514,2703:1503,2689:1492,2675:1481,2661:1471,2647:1461,2633:1451,2619:1441,2605:1431,2591:1420,2577:1409,2563:1398,2549:1388,2535:1378,2521:1368,2507:1358,2494:1347,2481:1335,2468:1324,2454:1314,2439:1304,2425:1294,2411:1283,2396:1273,2382:1263,2369:1252,2355:1241,2341:1231,2327:1221,2307:1203,2290:1188,2276:1175,2263:1166,2250:1157,2237:1147,2224:1138,2211:1129,2197:1120,2183:1109,2169:1099,2156:1089,2142:1078,2128:1068,2114:1058,2100:1047,2086:1037,2072:1027,2058:1016,2044:1005,2030:995,2016:985,2002:974,1988:963,1974:952,1960:941,1946:930,1932:919,1918:909,1904:898,1889:887,1875:877,1861:866,1846:855,1832:845,1818:834,1804:823,1790:812,1776:802,1762:791,1748:780,1734:769,1720:759,1705:749,1691:738,1677:727,1662:716,1648:706,1634:695,1619:684,1604:673,1590:663,1576:653,1561:642,1547:631,1533:621,1518:610,1504:599,1490:588,1476:578,1462:568,1448:558,1433:547,1418:536,1403:525,1388:514,1374:503,1359:492,1345:481,1330:470,1315:459,1301:449,1286:439,1271:428,1257:417,1243:406,1228:396,1214:386,1199:375,1184:364,1169:353,1155:343,1140:332,1125:321,1110:310,1095:299,1080:288,1066:277,1052:266,1037:255,1022:244,1007:234,992:223,978:212,964:201,949:190,934:179,919:168,904:158,889:147,874:137,859:127,844:117,829:108,815:100,800:92,785:85,770:78,758:73,749:69,741:65,735:62,730:60,726:58,723:57,721:56,719:55,717:54,716:53,715:53,714:53,713:53,713:53,713:53,713:53,713:53
261,straight,1290:778,1306:789,1323:802,1340:815,1356:827,1372:839,1388:850,1404:862,1420:874,1437:886,1454:899,1470:911,1486:923,1502:935,1518:947,1534:960,1550:972,1566:983,1582:995,1598:1007,1614:1019,1630:1031,1646:1043,1662:1055,1678:1068,1694:1080,1710:1092,1726:1105,1742:1117,1758:1129,1774:1140,1789:1151,1805:1162,1821:1174,1836:1186,1852:1199,1868:1211,1883:1223,1899:1235,1915:1247,1930:1259,1946:1271,1962:1283,1977:1295,1993:1307,2008:1319,2023:1330,2038:1342,2053:1354,2069:1366,2085:1378,2100:1391,2115:1404,2130:1416,2146:1428,2161:1440,2176:1452,2191:1464,2206:1476,2221:1488,2236:1499,2251:1511,2266:1523,2281:1535,2296:1548,2311:1560,2326:1572,2341:1584,2356:1596,2371:1608,2386:1620,2401:1631,2416:1643,2431:1655,2447:1666,2462:1676,2477:1689,2492:1701,2507:1713,2522:1724,2537:1736,2552:1748,2567:1760,2582:1772,2597:1784,2612:1796,2627:1808,2641:1820,2655:1832,2670:1844,2685:1855,2699:1866,2714:1878,2728:1890,2743:1902,2758:1915,2773:1927,2788:1939,2802:1951,2817:1963,2832:1975,2847:1986,2864:1997,2878:2007,2893:2016,2907:2025,2921:2033,2934:2041,2945:2047,2954:2052,2961:2056,2966:2059,2970:2062,2974:2064,2977:2066,2979:2067,2981:2068,2982:2069,2983:2070,2984:2070,2985:2070,2986:2070,2986:2070,2986:2070,2986:2070,2986:2070
262,straight,1238:747,1252:757,1266:769,1277:778,1291:789,1305:799,1320:810,1334:820,1348:830,1362:841,1376:852,1390:863,1404:874,1418:886,1432:897,1445:908,1459:918,1472:928,1486:938,1500:948,1513:959,1526:971,1540:982,1553:992,1566:1001,1580:1011,1593:1021,1607:1031,1620:1042,1633:1053,1647:1064,1660:1074,1674:1084,1687:1094,1700:1104,1714:1114,1728:1125,1741:1136,1754:1146,1767:1156,1780:1166,1793:1176,1807:1186,1821:1197,1834:1208,1848:1218,1861:1228,1874:1238,1887:1248,1901:1258,1915:1268,1928:1279,1941:1289,1954:1300,1968:1310,1981:1320,1994:1330,2007:1340,2020:1350,2034:1361,2048:1371,2061:1381,2074:1391,2087:1401,2100:1411,2114:1421,2128:1431,2141:1441,2154:1451,2167:1461,2180:1471,2193:1481,2206:1491,2219:1501,2232:1511,2245:1521,2258:1531,2271:1542,2282:1550,2296:1560,2310:1571,2324:1581,2337:1591,2350:1601,2363:1611,2376:1621,2390:1631,2403:1641,2416:1651,2429:1661,2439:1669,2452:1679,2463:1687,2472:1694,2486:1706,2500:1717,2514:1728,2528:1739,2542:1749,2555:1759,2566:1767,2575:1774,2589:1786,2603:1797,2617:1808,2631:1818,2644:1828,2657:1838,2667:1846,2680:1856,2693:1866,2704:1874,2713:1881,2727:1892,2741:1903,2755:1915,2768:1926,2782:1937,2795:1946,2808:1956,2821:1966,2834:1976,2854:1988,2870:1998,2885:2008,2898:2017,2909:2025,2919:2032,2927:2038,2937:2045,2946:2051,2953:2056,2958:2060,2962:2063,2966:2066,2969:2068,2971:2070,2973:2071,2974:2072,2975:2073,2976:2074,2977:2074,2978:2074,2978:2074,2978:2074,2978:2074,2978:2074
263,straight,940:515,951:522,960:528,980:543,998:556,1015:568,1031:580,1047:592,1063:603,1079:614,1094:625,1109:637,1123:649,1137:659,1152:670,1165:681,1179:692,1194:702,1209:712,1223:723,1237:734,1251:745,1265:756,1279:768,1293:778,1307:789,1320:799,1334:809,1348:820,1361:831,1374:841,1387:850,1401:859,1414:871,1427:881,1440:892,1454:903,1467:913,1481:924,1494:936,1507:946,1519:956,1531:968,1545:979,1559:989,1573:998,1587:1007,1600:1016,1613:1026,1626:1037,1639:1048,1653:1058,1666:1068,1679:1078,1693:1088,1707:1098,1720:1109,1733:1119,1746:1129,1759:1139,1773:1149,1786:1158,1799:1168,1812:1178,1825:1188,1839:1198,1852:1209,1865:1219,1878:1229,1891:1239,1904:1249,1917:1260,1930:1271,1943:1281,1956:1291,1969:1301,1982:1312,1995:1323,2008:1332,2021:1343,2034:1354,2047:1365,2060:1374,2073:1384,2086:1394,2099:1403,2112:1413,2125:1423,2139:1433,2153:1443,2166:1453,2179:1462,2192:1472,2205:1481,2218:1490,2231:1501,2244:1511,2257:1521,2270:1531,2283:1541,2296:1551,2308:1561,2321:1570,2334:1580,2347:1590,2359:1600,2372:1610,2385:1619,2398:1629,2411:1638,2423:1648,2435:1658,2447:1667,2459:1676,2473:1691,2486:1701,2499:1710,2511:1718,2523:1727,2536:1737,2548:1746,2560:1755,2572:1764,2585:1774,2598:1784,2611:1794,2623:1803,2636:1813,2649:1824,2661:1833,2673:1843,2685:1852,2697:1861,2709:1870,2722:1881,2734:1892,2747:1902,2760:1913,2772:1922,2785:1932,2797:1941,2809:1950,2821:1959,2834:1968,2847:1977,2859:1986,2871:1995,2885:2004,2898:2012,2909:2020,2919:2027,2930:2034,2942:2040,2951:2045,2965:2057,2978:2067,2989:2076,2998:2084,3005:2090,3011:2095,3015:2099,3019:2102,3022:2104,3024:2106,3026:2108,3027:2109,3028:2110,3029:2111,3030:2112,3031:2112,3031:2112,3031:2112,3031:2112,3031:2112
264,straight,3338:1987,3326:1979,3314:1971,3303:1963,3291:1955,3280:1948,3269:1940,3258:1933,3247:1926,3236:1918,3225:1909,3215:1900,3204:1891,3193:1883,3182:1875,3171:1866,3161:1857,3150:1849,3139:1841,3129:1833,3119:1825,3108:1817,3097:1810,3087:1802,3076:1794,3066:1786,3055:1778,3044:1769,3034:1760,3023:1752,3012:1744,3001:1736,2990:1727,2979:1718,2967:1709,2956:1701,2945:1693,2934:1685,2924:1676,2915:1667,2905:1659,2893:1650,2882:1642,2870:1634,2859:1626,2848:1619,2836:1611,2825:1603,2814:1595,2803:1587,2791:1578,2780:1569,2769:1560,2758:1551,2747:1542,2736:1533,2725:1524,2713:1515,2701:1506,2690:1497,2678:1488,2667:1479,2656:1470,2644:1461,2632:1453,2620:1445,2608:1436,2597:1427,2586:1418,2574:1409,2562:1399,2550:1389,2538:1379,2526:1371,2514:1362,2502:1353,2490:1344,2478:1335,2466:1326,2454:1317,2442:1311,2430:1302,2418:1292,2405:1282,2392:1273,2379:1263,2367:1253,2354:1243,2342:1234,2330:1225,2318:1216,2306:1206,2293:1196,2281:1187,2268:1177,2255:1166,2242:1158,2229:1148,2216:1139,2204:1130,2191:1121,2179:1112,2166:1102,2154:1093,2142:1084,2129:1075,2116:1065,2103:1056,2091:1046,2078:1037,2066:1027,2053:1018,2040:1009,2027:1000,2015:991,2002:983,1989:974,1976:965,1964:955,1951:946,1939:936,1927:927,1915:918,1902:908,1889:898,1877:889,1865:880,1853:871,1840:861,1828:852,1815:843,1802:834,1790:825,1777:816,1765:807,1752:798,1739:789,1727:779,1715:769,1703:760,1690:750,1678:741,1666:732,1653:723,1640:713,1627:704,1614:695,1601:686,1588:676,1576:667,1564:658,1551:648,1538:639,1525:630,1512:620,1499:610,1487:601,1475:592,1463:582,1450:573,1438:564,1425:555,1412:545,1399:536,1386:527,1373:518,1361:509,1348:499,1335:489,1322:479,1309:469,1296:460,1283:450,1270:441,1257:431,1244:421,1231:412,1218:402,1205:392,1192:382,1179:372,1166:362,1153:353,1140:344,1126:334,1113:324,1099:314,1085:304,1071:294,1058:284,1044:274,1030:264,1017:255,1003:245,990:235,976:225,962:215,949:205,935:195,921:185,907:176,893:166,882:158,868:148,854:138,840:128,826:119,812:111,798:103,784:95,770:88,757:82,746:77,733:71,720:65,710:60,702:56,695:53,690:50,686:48,682:46,679:45,677:44,675:43,674:42,673:41,672:41,671:41,670:41,670:41,670:41,670:41,670:41
265,left,723:203,733:210,746:219,758:227,770:235,782:244,794:253,807:262,819:270,831:278,843:286,854:294,866:302,877:310,888:318,899:326,910:334,921:342,932:351,943:359,953:367,964:375,975:382,986:390,996:398,1007:405,1017:412,1027:419,1038:426,1049:434,1059:441,1069:449,1079:456,1089:463,1099:471,1109:478,1119:485,1129:492,1138:500,1147:507,1156:514,1165:521,1175:529,1184:536,1193:543,1202:549,1211:555,1221:561,1230:567,1239:573,1248:579,1257:584,1266:590,1275:596,1284:603,1293:609,1300:614,1306:618,1311:621,1315:624,1318:626,1334:637,1347:646,1358:654,1368:661,1378:667,1387:674,1396:680,1405:686,1414:692,1423:697,1432:702,1441:706,1450:710,1458:715,1466:719,1475:723,1483:727,1491:731,1500:735,1508:739,1516:743,1524:748,1532:752,1540:756,1548:760,1556:763,1564:766,1573:769,1581:772,1590:775,1598:778,1606:782,1614:785,1622:788,1630:790,1638:793,1646:795,1654:797,1662:799,1670:801,1678:803,1686:805,1694:807,1702:808,1710:810,1718:811,1725:812,1731:813,1739:814,1745:815,1750:815,1759:816,1768:816,1775:816,1783:816,1790:816,1795:816,1804:816,1813:816,1820:816,1829:815,1837:814,1843:814,1848:814,1857:813,1865:812,1873:811,1881:810,1889:809,1896:808,1904:807,1911:805,1918:804,1925:803,1932:801,1939:800,1946:798,1953:796,1960:794,1967:792,1974:790,1981:788,1987:787,1994:784,2001:782,2008:780,2014:777,2020:774,2026:771,2032:768,2038:765,2044:762,2051:759,2057:756,2063:753,2069:750,2075:746,2081:743,2087:739,2093:736,2099:733,2105:729,2111:725,2117:721,2123:717,2128:713,2133:709,2138:705,2143:701,2148:697,2153:693,2158:689,2163:684,2169:680,2175:676,2181:671,2187:666,2194:662,2199:657,2204:652,2208:647,2213:642,2217:637,2221:631,2225:626,2229:621,2233:616,2238:611,2242:606,2246:601,2250:595,2255:589,2260:583,2264:578,2268:572,2272:567,2277:563,2282:560,2286:557,2290:554,2295:547,2300:541,2304:539,2308:537,2312:535,2315:532,2318:529,2321:526,2323:523,2325:519,2331:505,2337:492,2343:480,2348:469,2353:459,2358:450,2363:441,2368:432,2373:423,2378:415,2383:407,2387:399,2391:391,2396:383,2401:376,2405:368,2409:360,2413:352,2417:344,2421:336,2425:329,2429:321,2433:313,2437:305,2442:299,2446:293,2450:285,2453:279,2456:271,2460:262,2463:255,2467:246,2471:237,2474:230,2478:221,2481:214,2483:208,2488:199,2493:190,2497:182,2501:173,2504:166,2507:160,2511:150,2515:141,2519:133,2523:125,2526:119,2530:113,2534:107,2538:102,2542:97,2545:93,2547:90,2549:87,2550:85,2551:83,2552:82,2553:81,2554:80,2554:79,2554:78,2554:78,2554:78,2554:78,2554:78
266,straight,519:259,538:273,558:287,576:302,595:314,613:326,632:338,650:351,668:364,686:376,704:387,721:398,738:410,755:422,773:433,791:445,810:457,828:470,845:483,863:496,881:508,899:521,917:534,935:546,954:559,972:572,989:585,1006:597,1024:609,1041:621,1057:635,1074:648,1091:661,1108:674,1125:687,1142:699,1159:711,1177:724,1194:737,1211:750,1228:763,1245:776,1262:788,1279:800,1296:813,1314:826,1331:839,1348:852,1365:865,1382:879,1398:892,1415:904,1432:916,1449:928,1466:941,1482:955,1499:969,1516:981,1533:993,1550:1005,1568:1018,1585:1031,1602:1044,1619:1057,1636:1069,1653:1081,1671:1093,1688:1107,1705:1120,1722:1132,1739:1144,1756:1157,1773:1170,1790:1182,1807:1196,1824:1209,1841:1222,1858:1234,1874:1246,1891:1258,1909:1271,1926:1284,1943:1297,1959:1310,1976:1323,1993:1338,2010:1352,2026:1365,2043:1378,2060:1390,2077:1402,2094:1415,2110:1427,2127:1439,2144:1451,2161:1464,2178:1476,2195:1489,2212:1502,2228:1515,2245:1527,2262:1540,2279:1552,2296:1565,2313:1577,2329:1590,2346:1603,2363:1616,2380:1629,2397:1642,2413:1655,2430:1667,2447:1680,2463:1693,2480:1706,2497:1718,2513:1731,2530:1743,2547:1756,2564:1769,2581:1782,2597:1795,2614:1808,2631:1822,2647:1835,2663:1848,2680:1861,2697:1875,2714:1888,2731:1902,2748:1915,2766:1928,2783:1941,2799:1954,2815:1967,2833:1980,2855:1993,2874:2005,2889:2016,2903:2026,2918:2035,2930:2043,2939:2049,2947:2054,2953:2058,2958:2061,2962:2063,2965:2065,2967:2067,2969:2068,2971:2069,2972:2070,2973:2071,2974:2071,2975:2071,2975:2071,2975:2071,2975:2071,2975:2071
267,left,3012:1938,3001:1930,2989:1919,2977:1909,2965:1900,2954:1892,2943:1884,2932:1876,2921:1868,2910:1860,2898:1852,2887:1844,2876:1835,2865:1827,2854:1819,2843:1810,2832:1801,2821:1792,2811:1784,2801:1776,2791:1768,2780:1760,2770:1751,2760:1743,2749:1735,2739:1727,2729:1719,2719:1711,2709:1702,2699:1694,2689:1686,2679:1678,2669:1669,2659:1660,2647:1650,2638:1641,2629:1633,2620:1626,2611:1620,2601:1614,2592:1608,2583:1602,2574:1595,2565:1588,2556:1581,2547:1574,2538:1568,2529:1561,2520:1554,2510:1547,2500:1541,2491:1535,2481:1529,2472:1523,2462:1517,2453:1511,2444:1505,2435:1499,2426:1493,2416:1488,2407:1483,2397:1478,2388:1473,2379:1468,2370:1463,2361:1458,2352:1453,2343:1449,2334:1445,2325:1441,2316:1437,2307:1433,2298:1430,2289:1427,2280:1423,2271:1419,2262:1415,2253:1411,2244:1408,2235:1405,2225:1401,2216:1398,2207:1395,2198:1393,2189:1390,2180:1387,2171:1385,2162:1383,2153:1381,2144:1379,2135:1377,2125:1375,2116:1374,2107:1373,2098:1372,2088:1371,2079:1370,2070:1370,2061:1369,2052:1369,2043:1369,2033:1369,2024:1369,2015:1369,2006:1369,1996:1370,1987:1371,1978:1372,1970:1373,1962:1374,1953:1375,1945:1377,1937:1379,1929:1380,1921:1382,1913:1384,1904:1386,1896:1389,1889:1391,1880:1394,1871:1397,1863:1399,1855:1402,1847:1405,1839:1408,1831:1412,1823:1415,1815:1419,1807:1423,1799:1427,1791:1431,1783:1435,1776:1439,1768:1443,1761:1448,1754:1453,1747:1457,1740:1462,1733:1467,1726:1472,1719:1477,1712:1482,1705:1487,1698:1492,1691:1497,1684:1503,1678:1509,1672:1515,1666:1521,1660:1527,1654:1533,1648:1539,1641:1545,1635:1551,1629:1557,1623:1563,1618:1569,1612:1575,1606:1581,1601:1588,1596:1594,1591:1601,1586:1608,1581:1614,1576:1621,1570:1627,1565:1633,1560:1639,1555:1646,1551:1653,1546:1660,1541:1667,1537:1674,1533:1681,1529:1688,1525:1694,1521:1700,1517:1706,1513:1713,1509:1720,1505:1727,1501:1734,1497:1741,1494:1748,1490:1756,1486:1763,1482:1770,1479:1777,1476:1784,1472:1791,1469:1799,1465:1806,1462:1812,1458:1820,1455:1828,1451:1835,1448:1842,1445:1850,1442:1857,1438:1864,1434:1871,1430:1878,1426:1886,1423:1893,1420:1900,1417:1907,1414:1914,1411:1921,1407:1928,1404:1936,1401:1943,1398:1950,1394:1957,1391:1962,1388:1969,1385:1975,1383:1980,1381:1984,1380:1987,1379:1989,1378:1991,1377:1992,1376:1993,1376:1994,1376:1995
268,straight,3148:1899,3133:1886,3117:1874,3102:1862,3087:1850,3071:1838,3055:1827,3040:1816,3026:1806,3011:1792,2999:1781,2989:1772,2971:1757,2954:1743,2938:1729,2922:1715,2908:1702,2893:1689,2877:1676,2862:1663,2846:1651,2840:1640,2822:1628,2819:1620,2800:1607,2781:1594,2763:1581,2746:1568,2729:1556,2712:1544,2696:1531,2680:1519,2664:1506,2648:1493,2633:1481,2617:1469,2602:1457,2586:1445,2571:1433,2556:1421,2541:1409,2526:1397,2511:1385,2496:1373,2481:1361,2467:1349,2452:1337,2437:1325,2422:1314,2407:1302,2392:1290,2377:1278,2362:1266,2347:1254,2332:1242,2317:1230,2302:1219,2287:1208,2272:1195,2257:1183,2242:1171,2227:1159,2212:1147,2197:1135,2182:1124,2168:1112,2153:1100,2138:1089,2123:1077,2108:1066,2094:1055,2079:1043,2064:1031,2049:1019,2034:1008,2019:997,2004:985,1989:974,1974:962,1959:950,1944:938,1929:926,1914:914,1899:902,1884:890,1869:878,1854:866,1839:854,1824:842,1809:830,1794:819,1779:807,1764:796,1749:784,1734:772,1719:760,1704:748,1689:736,1674:724,1658:712,1643:700,1627:689,1612:677,1597:665,1582:653,1566:641,1551:629,1536:617,1521:605,1506:593,1491:581,1476:570,1461:558,1445:546,1429:534,1414:522,1399:510,1384:497,1368:485,1352:473,1336:461,1320:450,1305:438,1289:426,1274:414,1258:402,1243:390,1227:379,1212:367,1197:356,1181:344,1165:332,1150:320,1134:308,1118:296,1102:284,1086:272,1071:260,1055:248,1039:237,1023:225,1008:213,992:201,976:189,961:177,945:166,929:154,913:143,897:132,881:121,866:111,851:102,839:95,829:89,821:85,815:81,810:78,806:76,803:74,800:73,798:72,796:71,795:70,794:69,793:69,792:69,792:69,792:69,792:69,792:69
269,right,3203:1965,3191:1955,3180:1945,3169:1934,3158:1924,3146:1915,3134:1905,3122:1895,3111:1886,3100:1877,3089:1868,3078:1859,3067:1850,3055:1841,3044:1833,3033:1825,3023:1817,3013:1810,3002:1800,2992:1791,2982:1782,2968:1769,2956:1758,2945:1749,2935:1740,2926:1732,2917:1724,2907:1715,2898:1707,2889:1699,2881:1690,2873:1682,2865:1674,2858:1666,2854:1659,2849:1650,2836:1642,2824:1634,2814:1628,2813:1625,2812:1621,2811:1618,2809:1614,2793:1602,2778:1591,2764:1580,2752:1569,2740:1558,2729:1548,2719:1539,2709:1530,2700:1520,2691:1511,2682:1502,2674:1494,2666:1486,2658:1477,2650:1468,2642:1459,2635:1450,2627:1442,2619:1434,2611:1425,2604:1416,2597:1407,2590:1398,2584:1390,2578:1382,2572:1374,2565:1365,2558:1356,2551:1348,2545:1339,2539:1331,2533:1323,2527:1315,2522:1306,2516:1297,2511:1289,2506:1280,2501:1271,2496:1263,2491:1254,2486:1246,2481:1237,2476:1229,2471:1220,2466:1211,2461:1201,2457:1192,2453:1182,2449:1173,2445:1164,2442:1156,2439:1148,2436:1142,2434:1137,2429:1126,2425:1115,2420:1104,2416:1093,2412:1083,2408:1073,2404:1063,2400:1053,2397:1043,2394:1032,2392:1021,2389:1011,2386:1001,2384:991,2382:981,2380:971,2378:961,2376:950,2374:940,2372:930,2370:920,2368:911,2366:901,2365:890,2364:880,2362:869,2360:858,2359:848,2357:837,2355:825,2395:481,2400:458,2405:448,2409:437,2411:425,2414:413,2418:402,2422:391,2426:381,2429:370,2432:358,2435:346,2439:335,2443:324,2447:314,2451:304,2456:295,2462:286,2468:277,2472:264,2476:252,2480:241,2484:229,2488:217,2493:205,2498:194,2504:184,2509:173,2514:162,2519:151,2524:141,2529:132,2534:124,2540:116,2545:109,2550:102,2555:95,2559:90,2562:86,2564:83,2566:80,2572:72,2577:64,2582:57,2586:51,2589:47,2591:43,2593:40,2595:38,2596:36,2597:35,2598:34,2599:33,2599:32,2599:31,2599:31,2599:31,2599:31,2599:31
270,right,2487:93,2483:98,2478:102,2474:106,2470:110,2466:117,2462:125,2458:129,2454:135,2450:139,2445:143,2441:147,2437:152,2433:157,2429:164,2426:169,2422:174,2417:179,2413:185,2409:191,2404:195,2399:199,2394:204,2390:208,2386:215,2382:219,2377:224,2373:228,2369:233,2365:239,2360:243,2356:249,2352:254,2347:257,2342:260,2338:264,2334:267,2329:270,2325:274,2321:278,2317:282,2313:286,2308:289,2303:293,2299:297,2295:300,2290:304,2286:308,2282:311,2277:315,2273:319,2269:323,2265:327,2260:330,2255:334,2251:337,2247:340,2242:343,2238:347,2234:351,2230:355,2225:358,2221:361,2217:364,2213:367,2209:370,2204:373,2200:376,2195:379,2191:382,2187:384,2183:387,2179:389,2175:391,2171:393,2166:396,2162:399,2158:401,2154:404,2150:407,2146:410,2142:413,2137:415,2133:418,2129:420,2125:422,2121:424,2117:427,2113:429,2109:431,2105:433,2101:435,2097:437,2093:439,2089:441,2085:443,2081:445,2077:447,2073:449,2069:451,2065:453,2061:455,2057:457,2054:459,2050:461,2047:463,2043:465,2039:467,2035:469,2031:471,2027:472,2024:473,2020:475,2016:477,2013:479,2009:481,2005:483,2002:485,1999:487,1995:489,1992:490,1989:491,1985:492,1982:494,1978:495,1975:497,1971:498,1967:500,1963:501,1960:502,1957:503,1954:505,1951:507,1948:509,1945:510,1942:511,1939:512,1935:513,1931:514,1928:515,1925:516,1922:517,1919:518,1916:519,1913:520,1910:522,1907:523,1904:524,1901:525,1898:526,1895:527,1892:529,1889:530,1886:531,1883:532,1880:533,1877:534,1874:535,1871:536,1868:537,1865:538,1861:539,1858:540,1854:541,1850:542,1846:542,1842:543,1838:543,1833:544,1829:545,1825:546,1820:547,1815:548,1810:549,1806:550,1802:550,1797:550,1792:551,1787:552,1782:552,1777:553,1772:553,1767:553,1762:553,1757:554,1752:554,1747:554,1742:554,1737:554,1731:554,1726:554,1721:554,1715:554,1709:554,1703:553,1697:553,1691:552,1685:552,1680:553,1674:553,1668:553,1662:553,1656:553,1650:553,1644:553,1638:554,1632:554,1626:553,1619:552,1612:551,1606:550,1600:549,1593:548,1586:547,1580:546,1574:545,1569:545,1563:544,1557:542,1550:540,1543:538,1537:536,1531:533,1524:531,1518:530,1512:527,1506:525,1499:523,1492:521,1485:519,1478:517,1472:514,1466:511,1460:508,1454:504,1448:501,1441:498,1434:495,1428:492,1422:488,1416:484,1410:481,1404:478,1398:474,1391:470,1384:466,1378:462,1372:458,1366:454,1359:449,1352:444,1345:439,1338:434,1331:429,1324:425,1318:420,1312:415,1306:410,1300:405,1293:400,1286:395,1280:389,1273:384,1266:378,1259:373,1252:368,1245:362,1238:357,1231:352,1224:346,1217:341,1210:336,1203:330,1196:324,1189:318,1182:311,1175:305,1168:299,1161:293,1153:287,1145:281,1137:275,1129:269,1122:263,1114:257,1106:250,1098:243,1090:236,1082:229,1074:222,1066:215,1058:209,1050:202,1041:196,1033:189,1024:183,1016:177,1008:171,999:165,991:159,983:153,975:147,968:142,959:135,950:127,941:120,933:114,924:107,915:101,906:96,897:91,889:87,881:83,873:79,865:75,858:72,850:68,842:64,834:60,828:57,823:55,819:53,816:52,813:51,811:50,809:49,808:48,807:48,806:48,805:48,804:48,804:48,804:48,804:48,804:48
271,left,3040:1983,3032:1976,3023:1968,3015:1961,3007:1954,2999:1947,2990:1940,2982:1933,2974:1926,2966:1919,2958:1912,2950:1905,2941:1898,2933:1890,2925:1883,2917:1876,2909:1870,2901:1864,2885:1855,2872:1847,2860:1839,2849:1832,2846:1827,2841:1822,2836:1817,2830:1811,2823:1805,2817:1799,2811:1793,2806:1786,2801:1780,2796:1774,2789:1768,2781:1762,2773:1755,2765:1749,2758:1743,2751:1736,2743:1730,2735:1724,2727:1718,2720:1711,2712:1704,2704:1698,2698:1693,2690:1686,2682:1680,2674:1673,2666:1666,2658:1660,2650:1653,2640:1642,2632:1635,2623:1627,2616:1620,2608:1614,2600:1609,2593:1604,2586:1599,2578:1594,2571:1589,2564:1584,2556:1579,2548:1574,2541:1569,2534:1563,2526:1558,2518:1553,2510:1547,2502:1542,2494:1537,2487:1532,2480:1527,2473:1522,2467:1518,2459:1513,2451:1509,2443:1505,2435:1501,2427:1496,2419:1492,2411:1488,2403:1485,2395:1481,2388:1477,2380:1474,2372:1469,2364:1465,2357:1461,2349:1457,2341:1454,2334:1451,2326:1448,2318:1445,2311:1442,2304:1439,2296:1436,2288:1434,2281:1432,2274:1429,2266:1427,2258:1425,2250:1423,2243:1421,2235:1419,2227:1418,2220:1416,2212:1415,2204:1413,2197:1412,2189:1411,2182:1410,2174:1409,2166:1408,2159:1407,2151:1406,2144:1405,2137:1405,2130:1405,2123:1405,2116:1405,2108:1404,2100:1404,2092:1404,2084:1404,2077:1404,2070:1404,2062:1405,2055:1406,2048:1407,2041:1408,2034:1409,2027:1410,2020:1411,2013:1412,2006:1413,1999:1414,1992:1415,1985:1417,1978:1418,1971:1419,1964:1420,1957:1422,1950:1424,1944:1426,1938:1428,1932:1430,1925:1432,1918:1435,1911:1438,1904:1440,1897:1443,1891:1446,1884:1449,1877:1452,1870:1455,1863:1458,1856:1460,1850:1463,1844:1466,1838:1469,1831:1472,1825:1475,1819:1479,1813:1482,1807:1486,1801:1490,1795:1493,1789:1496,1782:1500,1776:1504,1770:1508,1764:1513,1758:1517,1752:1521,1747:1525,1741:1529,1735:1534,1729:1539,1723:1544,1717:1548,1712:1553,1707:1558,1702:1563,1697:1568,1692:1573,1687:1578,1682:1583,1677:1588,1672:1593,1667:1599,1663:1604,1658:1609,1653:1615,1648:1620,1643:1625,1638:1631,1633:1637,1628:1642,1623:1648,1619:1654,1615:1660,1610:1666,1606:1671,1601:1676,1597:1682,1592:1688,1588:1693,1584:1699,1579:1705,1575:1709,1572:1713,1567:1719,1563:1724,1560:1728,1555:1735,1550:1742,1546:1748,1543:1752,1540:1756,1538:1759,1536:1761,1535:1763,1534:1764,1533:1765,1526:1777,1520:1786,1516:1794,1512:1800,1505:1810,1500:1818,1494:1827,1489:1834,1485:1840,1482:1845,1480:1849,1478:1852,1472:1862,1467:1870,1463:1877,1460:1882,1458:1886,1456:1890,1454:1893,1453:1895,1452:1897,1451:1898,1450:1899,1450:1900,1450:1901,1450:1902,1439:1921,1431:1936,1424:1948,1419:1957,1415:1965,1411:1971,1408:1976,1406:1980,1404:1983,1403:1985,1402:1987,1401:1989,1400:1990,1399:1991,1399:1992
272,left,2390:76,2396:81,2401:85,2404:91,2407:96,2407:101,2406:104,2405:107,2404:109,2402:116,2399:122,2347:215,2345:222,2342:226,2339:232,2335:237,2332:241,2328:245,2325:249,2321:253,2317:257,2314:261,2311:268,2308:273,2305:277,2302:281,2299:285,2296:289,2293:293,2290:296,2287:300,2284:304,2281:308,2278:313,2276:318,2273:322,2270:326,2267:330,2264:334,2262:338,2259:342,2257:347,2255:352,2253:359,2251:365,2249:370,2247:376,2245:380,2242:383,2240:387,2238:391,2236:393,2234:395,2231:397,2229:399,2227:401,2225:404,2223:406,2221:409,2219:414,2213:428,2135:1271,2155:1302,2159:1308,2162:1311,2164:1314,2167:1317,2169:1320,2171:1323,2173:1326,2175:1330,2178:1334,2181:1337,2184:1340,2187:1343,2190:1346,2192:1349,2195:1352,2198:1356,2202:1360,2206:1365,2210:1369,2215:1373,2219:1377,2223:1382,2227:1386,2230:1390,2233:1394,2236:1398,2239:1402,2243:1406,2247:1411,2250:1416,2254:1420,2258:1424,2262:1429,2266:1434,2270:1438,2274:1442,2278:1446,2282:1450,2286:1454,2290:1459,2295:1464,2300:1469,2304:1474,2308:1479,2312:1484,2316:1488,2321:1492,2326:1496,2331:1500,2336:1505,2342:1510,2347:1515,2352:1521,2357:1526,2362:1531,2367:1536,2373:1541,2379:1546,2385:1551,2391:1556,2396:1561,2401:1566,2406:1572,2412:1577,2416:1581,2420:1584,2427:1591,2434:1598,2440:1604,2446:1610,2452:1616,2459:1622,2465:1627,2471:1632,2477:1637,2483:1642,2489:1646,2496:1653,2503:1660,2510:1666,2517:1672,2524:1677,2530:1682,2537:1687,2543:1693,2550:1699,2557:1706,2565:1713,2572:1719,2579:1724,2586:1730,2594:1737,2602:1747,2610:1756,2618:1762,2626:1768,2633:1774,2641:1780,2648:1785,2656:1791,2664:1797,2672:1803,2681:1810,2689:1817,2697:1823,2706:1830,2714:1836,2722:1842,2730:1849,2739:1855,2747:1861,2756:1867,2765:1874,2774:1884,2783:1893,2792:1903,2801:1910,2810:1917,2819:1924,2828:1931,2838:1938,2848:1946,2858:1954,2867:1962,2877:1971,2886:1978,2896:1986,2906:1994,2916:2001,2926:2008,2936:2015,2945:2021,2955:2027,2965:2033,2973:2038,2990:2044,3004:2049,3017:2054,3028:2058,3037:2062,3046:2067,3054:2071,3061:2076,3068:2080,3076:2085,3084:2089,3092:2093,3098:2097,3103:2100,3107:2102,3110:2104,3112:2105,3114:2106,3116:2107,3117:2108,3118:2109,3119:2109,3120:2109,3120:2109,3120:2109,3120:2109,3120:2109
273,straight,3159:1866,3144:1853,3129:1842,3114:1832,3099:1822,3084:1811,3068:1798,3053:1785,3037:1772,3021:1758,3005:1744,2989:1731,2973:1718,2958:1706,2943:1694,2928:1682,2914:1669,2900:1657,2887:1645,2875:1634,2867:1625,2849:1612,2831:1599,2814:1586,2797:1573,2780:1560,2764:1548,2748:1536,2732:1523,2716:1510,2700:1498,2684:1485,2668:1472,2652:1460,2636:1447,2621:1433,2605:1420,2589:1408,2573:1396,2558:1384,2542:1372,2526:1359,2510:1346,2494:1333,2479:1321,2464:1310,2448:1297,2433:1284,2417:1272,2401:1259,2385:1246,2370:1234,2354:1222,2333:1203,2314:1187,2298:1173,2284:1161,2270:1151,2255:1140,2240:1129,2225:1118,2210:1107,2195:1095,2180:1083,2165:1072,2150:1061,2135:1049,2119:1037,2103:1025,2088:1012,2072:999,2056:987,2040:975,2024:963,2008:950,1992:937,1976:925,1960:913,1944:901,1928:889,1913:877,1897:864,1881:850,1865:838,1849:826,1833:814,1817:802,1801:790,1785:777,1769:764,1753:751,1738:739,1722:727,1706:715,1690:702,1674:690,1658:677,1642:664,1626:652,1608:634,1592:619,1576:607,1560:596,1545:585,1529:574,1513:562,1497:550,1481:539,1466:527,1450:514,1434:502,1418:491,1403:480,1387:469,1370:456,1354:443,1338:430,1322:417,1306:405,1290:393,1274:380,1258:367,1242:355,1226:343,1210:330,1193:318,1177:305,1161:293,1145:281,1129:269,1113:257,1097:246,1081:234,1065:222,1048:210,1032:198,1015:186,999:173,983:161,966:149,950:138,934:127,918:117,901:108,885:99,870:91,855:83,843:77,833:72,825:68,819:65,814:62,810:60,807:58,804:57,802:56,800:55,799:54,798:54,797:54,796:54,796:54,796:54,796:54,796:54
274,left,945:297,954:304,962:310,970:316,977:322,984:328,991:333,998:338,1005:343,1012:349,1019:354,1024:358,1031:364,1038:369,1045:374,1052:379,1058:384,1065:388,1071:393,1077:398,1083:402,1089:407,1095:412,1101:417,1107:422,1113:427,1119:432,1125:437,1131:442,1138:446,1144:450,1150:454,1156:458,1162:462,1168:467,1174:472,1180:476,1186:480,1191:485,1196:489,1202:493,1207:497,1212:501,1218:505,1224:509,1229:513,1235:517,1240:521,1246:526,1251:530,1257:534,1263:539,1269:543,1274:547,1279:551,1284:555,1290:559,1295:564,1300:568,1306:573,1311:577,1317:581,1322:585,1336:599,1347:611,1349:611,1352:611,1355:612,1359:614,1364:616,1373:627,1381:637,1387:645,1393:650,1398:654,1403:658,1407:661,1410:664,1414:667,1417:668,1421:668,1425:670,1429:671,1433:673,1437:675,1441:677,1445:679,1450:682,1455:685,1459:687,1463:690,1468:693,1472:696,1477:700,1482:703,1487:706,1491:709,1496:713,1501:716,1506:719,1510:722,1514:725,1519:728,1524:731,1528:734,1532:737,1536:740,1540:743,1545:747,1549:751,1553:755,1557:759,1561:762,1565:765,1568:767,1571:770,1574:773,1579:776,1583:778,1586:780,1592:784,1597:788,1603:791,1611:794,1617:798,1623:801,1628:804,1633:807,1637:810,1641:813,1645:816,1649:819,1653:822,1657:824,1661:826,1665:828,1669:830,1673:832,1677:834,1681:836,1686:838,1690:841,1694:843,1699:845,1704:847,1708:849,1713:851,1717:853,1722:855,1727:857,1731:859,1735:861,1739:862,1744:863,1749:865,1753:867,1757:868,1762:869,1767:870,1772:871,1777:872,1782:873,1787:874,1792:875,1797:877,1802:878,1807:879,1812:880,1817:881,1822:882,1828:883,1833:884,1838:885,1843:885,1848:885,1854:886,1859:886,1865:886,1870:887,1875:887,1880:887,1885:887,1890:887,1895:887,1900:887,1906:886,1911:885,1916:884,1921:884,1926:883,1931:882,1937:881,1943:880,1948:880,1954:879,1959:878,1964:877,1969:876,1974:875,1979:874,1984:873,1989:872,1994:871,1999:870,2005:869,2010:868,2015:866,2021:864,2027:863,2032:861,2037:859,2042:857,2047:855,2052:852,2057:850,2062:848,2067:845,2072:842,2077:839,2082:836,2087:833,2092:830,2097:827,2102:824,2107:821,2112:818,2116:815,2121:812,2126:809,2131:805,2136:801,2140:797,2144:793,2149:789,2153:785,2158:781,2163:777,2168:773,2173:769,2177:765,2181:761,2185:757,2189:753,2193:748,2197:743,2201:738,2205:733,2209:728,2214:722,2221:711,2224:707,2229:702,2233:698,2237:693,2240:689,2243:685,2246:680,2249:675,2253:670,2257:665,2261:660,2265:654,2269:649,2272:644,2275:639,2279:633,2282:627,2285:621,2288:616,2292:610,2296:604,2299:598,2302:592,2306:586,2309:580,2312:573,2315:567,2318:561,2321:555,2324:549,2327:544,2329:539,2331:535,2332:531,2334:528,2335:525,2337:521,2338:517,2340:513,2341:509,2343:506,2344:503,2351:490,2357:479,2363:468,2368:458,2372:449,2376:440,2379:432,2383:424,2386:417,2390:412,2394:404,2398:396,2401:388,2404:380,2407:373,2410:366,2413:359,2416:352,2419:345,2421:338,2424:331,2427:324,2430:317,2433:310,2436:303,2439:296,2442:289,2445:282,2448:275,2450:270,2452:266,2453:263,2454:260,2455:258,2456:256,2457:255,2462:242,2466:232,2470:224,2473:217,2475:212,2477:208,2478:204,2483:191,2487:181,2490:173,2493:166,2495:161,2497:157,2498:153,2504:142,2508:133,2512:126,2515:120,2517:115,2519:111,2520:108,2521:106,2522:104,2523:103,2524:102,2524:101,2524:100,2524:99,2524:99
275,right,3225:1931,3213:1922,3202:1913,3191:1904,3180:1895,3169:1887,3157:1878,3145:1869,3134:1860,3123:1851,3112:1842,3100:1833,3089:1825,3078:1817,3067:1808,3056:1799,3045:1790,3034:1782,3024:1774,3013:1766,3002:1757,2992:1748,2981:1739,2970:1730,2959:1722,2949:1713,2939:1704,2929:1696,2920:1688,2911:1680,2902:1672,2894:1664,2885:1656,2875:1648,2864:1640,2853:1632,2843:1625,2834:1618,2825:1611,2815:1602,2805:1593,2795:1584,2786:1576,2777:1568,2768:1559,2759:1551,2750:1543,2741:1535,2732:1527,2724:1519,2716:1510,2708:1502,2699:1494,2691:1485,2683:1477,2675:1468,2667:1459,2659:1451,2651:1442,2643:1434,2636:1425,2629:1417,2622:1408,2614:1399,2607:1390,2600:1382,2593:1374,2586:1365,2580:1356,2574:1347,2568:1338,2561:1330,2554:1321,2548:1312,2542:1303,2536:1295,2530:1286,2525:1277,2520:1268,2515:1259,2509:1250,2504:1241,2499:1232,2494:1223,2489:1214,2485:1205,2481:1196,2477:1187,2472:1178,2468:1169,2464:1160,2460:1151,2456:1143,2452:1134,2448:1126,2445:1117,2442:1108,2439:1099,2436:1089,2433:1079,2430:1070,2427:1060,2424:1050,2421:1041,2418:1031,2415:1021,2413:1011,2410:1002,2408:992,2406:983,2404:974,2402:965,2400:955,2398:945,2396:936,2394:926,2392:917,2391:908,2390:899,2389:889,2387:879,2434:427,2437:418,2440:409,2443:399,2446:390,2449:381,2452:371,2456:361,2459:352,2462:343,2466:334,2470:325,2474:316,2488:307,2499:300,2508:294,2515:289,2521:285,2526:282,2530:280,2533:278,2535:277,2534:259,2534:242,2534:229,2534:218,2536:204,2538:191,2540:181,2543:169,2546:158,2550:149,2554:140,2558:131,2561:124,2565:117,2569:110,2572:104,2576:98,2579:93,2581:89,2584:83,2593:61,2593:61,2593:61,2593:61
276,straight,1322:761,1337:773,1352:785,1367:798,1382:810,1398:822,1413:835,1428:847,1444:859,1459:871,1475:884,1490:898,1505:912,1520:924,1535:935,1551:947,1567:958,1583:970,1598:981,1614:993,1629:1005,1644:1017,1660:1029,1675:1042,1691:1055,1707:1067,1722:1080,1737:1092,1752:1104,1768:1116,1783:1128,1798:1140,1814:1152,1830:1164,1845:1177,1861:1189,1876:1201,1892:1215,1907:1229,1923:1241,1939:1253,1954:1264,1970:1276,1985:1289,2000:1301,2015:1313,2031:1324,2047:1335,2062:1346,2078:1358,2093:1372,2108:1386,2124:1398,2140:1410,2155:1423,2170:1435,2186:1448,2201:1460,2217:1472,2232:1484,2248:1495,2263:1506,2279:1518,2294:1530,2310:1543,2326:1556,2341:1569,2357:1581,2372:1593,2387:1605,2403:1617,2418:1630,2434:1642,2449:1654,2465:1666,2481:1677,2497:1688,2512:1700,2527:1713,2543:1725,2559:1737,2575:1750,2590:1763,2605:1775,2621:1787,2636:1800,2652:1813,2668:1826,2683:1838,2699:1851,2714:1864,2729:1877,2745:1889,2761:1901,2776:1912,2791:1924,2807:1935,2822:1947,2838:1959,2855:1971,2871:1982,2886:1992,2900:2001,2915:2009,2930:2016,2944:2023,2956:2030,2966:2036,2974:2041,2980:2045,2985:2048,2989:2050,2992:2052,2995:2054,2997:2055,2999:2056,3000:2057,3001:2058,3002:2058,3003:2058,3003:2058,3003:2058,3003:2058,3003:2058
277,straight,737:336,755:350,777:363,799:377,816:388,830:397,841:404,865:421,888:437,910:452,931:471,952:486,972:501,992:516,1011:530,1027:542,1039:551,1061:567,1082:583,1102:598,1123:614,1143:629,1163:644,1183:660,1202:675,1221:689,1236:700,1255:716,1275:732,1294:746,1312:761,1331:775,1350:789,1369:803,1387:817,1405:831,1424:850,1443:867,1462:883,1480:895,1498:907,1516:920,1534:933,1552:946,1570:958,1588:971,1606:985,1624:999,1642:1013,1660:1027,1678:1041,1696:1055,1714:1069,1732:1084,1750:1098,1768:1112,1786:1125,1804:1139,1822:1153,1840:1167,1858:1181,1876:1196,1894:1210,1912:1224,1930:1239,1947:1253,1965:1267,1982:1284,2000:1298,2018:1310,2036:1321,2054:1335,2072:1350,2090:1364,2107:1378,2125:1392,2143:1406,2161:1421,2179:1435,2196:1449,2213:1463,2230:1476,2248:1488,2266:1502,2284:1516,2302:1530,2320:1544,2338:1559,2355:1574,2372:1588,2389:1601,2406:1616,2423:1630,2441:1648,2458:1660,2476:1673,2494:1690,2512:1702,2530:1715,2548:1728,2565:1741,2582:1754,2599:1768,2616:1782,2633:1795,2651:1809,2669:1823,2687:1835,2704:1849,2721:1863,2739:1881,2756:1894,2773:1907,2790:1920,2808:1933,2830:1950,2848:1964,2865:1979,2881:1990,2897:2001,2913:2010,2929:2019,2942:2026,2952:2032,2960:2037,2967:2041,2972:2044,2976:2046,2979:2048,2982:2049,2984:2050,2986:2051,2987:2052,2988:2053,2989:2053,2990:2053,2991:2053,2991:2053,2991:2053,2991:2053,2991:2053
278,straight,3256:1920,3242:1910,3228:1899,3214:1889,3200:1879,3186:1869,3172:1858,3159:1848,3145:1837,3131:1827,3117:1816,3103:1809,3089:1797,3075:1789,3060:1777,3046:1766,3032:1754,3018:1742,3004:1731,2990:1720,2975:1709,2960:1698,2946:1687,2932:1677,2918:1667,2904:1656,2891:1645,2878:1635,2865:1624,2850:1613,2836:1602,2822:1592,2808:1582,2794:1571,2780:1560,2765:1549,2751:1539,2737:1529,2723:1519,2708:1508,2694:1497,2680:1487,2666:1476,2652:1466,2638:1455,2624:1445,2610:1434,2596:1423,2582:1411,2568:1400,2554:1390,2540:1380,2526:1369,2512:1358,2498:1348,2484:1337,2470:1326,2456:1315,2443:1305,2430:1296,2416:1286,2402:1275,2388:1265,2374:1255,2360:1244,2346:1233,2331:1223,2317:1212,2303:1202,2289:1191,2273:1178,2259:1168,2245:1158,2231:1148,2217:1137,2203:1126,2189:1116,2174:1105,2160:1094,2146:1083,2132:1072,2119:1062,2105:1051,2091:1040,2077:1029,2062:1018,2048:1008,2034:997,2019:987,2005:977,1991:967,1977:956,1963:944,1948:933,1934:922,1920:912,1906:901,1892:890,1878:879,1863:868,1849:857,1835:845,1821:834,1806:824,1792:814,1778:803,1764:792,1750:781,1736:771,1722:760,1707:749,1692:738,1678:727,1664:716,1650:705,1636:694,1621:683,1607:673,1593:663,1579:652,1565:641,1551:630,1537:620,1523:609,1509:598,1495:587,1480:576,1465:565,1451:554,1436:544,1422:534,1407:523,1393:511,1379:500,1364:489,1350:478,1335:467,1320:456,1306:445,1292:435,1277:425,1263:414,1249:403,1234:392,1220:382,1206:371,1191:360,1177:349,1163:339,1149:328,1134:317,1119:307,1105:296,1090:286,1076:275,1062:264,1050:255,1035:244,1023:236,1013:229,1005:224,987:211,970:198,953:187,937:176,924:167,907:156,891:145,875:134,859:125,844:116,829:108,814:101,802:95,793:90,786:86,780:83,775:81,771:79,768:77,766:76,764:75,762:74,761:73,760:73,759:73,758:73,758:73,758:73,758:73,758:73
279,straight,3236:1908,3222:1897,3208:1887,3194:1876,3180:1865,3167:1855,3153:1844,3139:1833,3125:1822,3111:1811,3097:1800,3083:1790,3068:1779,3053:1768,3039:1757,3025:1746,3011:1736,2997:1724,2982:1714,2968:1703,2953:1692,2938:1681,2925:1671,2913:1661,2900:1650,2886:1639,2874:1630,2865:1623,2858:1617,2852:1612,2832:1598,2814:1585,2797:1572,2780:1560,2764:1548,2748:1536,2733:1525,2718:1514,2703:1502,2688:1490,2673:1479,2659:1468,2645:1457,2630:1446,2615:1435,2601:1424,2587:1413,2573:1401,2559:1390,2545:1380,2530:1370,2516:1359,2502:1348,2488:1337,2475:1326,2463:1315,2449:1304,2434:1293,2419:1282,2405:1271,2391:1260,2376:1249,2363:1238,2349:1227,2334:1217,2320:1206,2298:1188,2279:1173,2267:1164,2252:1152,2240:1143,2227:1134,2214:1125,2201:1116,2188:1106,2174:1096,2161:1085,2149:1075,2136:1065,2121:1055,2107:1045,2093:1034,2079:1023,2065:1012,2050:1001,2036:990,2022:979,2008:968,1994:958,1980:948,1965:938,1951:927,1937:916,1923:905,1909:895,1895:884,1881:873,1867:863,1853:853,1839:842,1825:831,1810:820,1796:810,1782:800,1768:789,1754:778,1740:767,1726:756,1712:746,1698:735,1684:725,1670:714,1656:703,1642:693,1628:682,1613:672,1598:662,1584:652,1569:642,1555:631,1542:620,1528:609,1513:598,1498:588,1484:578,1470:568,1455:558,1443:550,1429:539,1414:528,1400:517,1386:507,1371:496,1357:486,1342:475,1328:464,1314:454,1300:444,1285:434,1270:423,1256:412,1242:402,1227:391,1213:380,1199:370,1185:360,1171:350,1156:340,1141:329,1127:319,1112:308,1098:298,1084:288,1072:280,1058:269,1046:260,1031:249,1016:238,1001:227,986:216,971:205,956:195,942:185,927:174,915:166,905:159,889:147,873:136,857:125,842:115,827:106,815:99,799:91,784:84,772:78,762:73,754:69,748:66,743:64,739:62,736:60,733:59,731:58,729:57,728:56,727:56,726:56,725:56,724:56,724:56,724:56,724:56,724:56
280,straight,919:547,942:564,960:577,981:592,1002:606,1018:617,1037:632,1056:646,1074:660,1093:674,1111:687,1129:700,1146:713,1163:726,1181:739,1198:751,1216:763,1233:776,1250:788,1267:800,1284:813,1301:826,1318:837,1335:849,1352:861,1368:875,1384:888,1401:900,1418:912,1434:924,1450:936,1467:948,1483:961,1499:974,1515:986,1532:997,1549:1008,1565:1020,1581:1033,1598:1045,1614:1057,1630:1069,1647:1081,1663:1093,1679:1105,1696:1117,1712:1129,1728:1141,1744:1152,1760:1164,1776:1176,1792:1188,1809:1200,1825:1212,1841:1224,1857:1235,1873:1246,1889:1258,1905:1270,1921:1281,1937:1293,1953:1305,1969:1317,1985:1328,2001:1339,2017:1350,2033:1362,2049:1374,2064:1386,2080:1398,2096:1410,2111:1421,2127:1433,2143:1445,2159:1456,2175:1468,2190:1480,2205:1491,2221:1502,2236:1513,2252:1524,2267:1536,2282:1548,2297:1560,2313:1571,2329:1583,2345:1595,2361:1607,2376:1619,2391:1631,2407:1643,2423:1655,2438:1666,2454:1677,2469:1687,2484:1698,2500:1709,2516:1721,2532:1732,2547:1744,2563:1756,2579:1768,2595:1780,2611:1792,2626:1803,2642:1815,2658:1827,2673:1839,2688:1850,2704:1861,2720:1871,2735:1883,2751:1897,2767:1910,2783:1922,2798:1933,2813:1946,2830:1959,2846:1971,2862:1982,2878:1993,2893:2003,2908:2012,2924:2020,2940:2028,2957:2036,2971:2042,2982:2047,2991:2051,2998:2054,3004:2056,3008:2058,3012:2060,3015:2061,3017:2062,3019:2063,3020:2064,3021:2064,3022:2064,3023:2064,3024:2064,3024:2064,3024:2064,3024:2064,3024:2064
